timestamp_utc,timestamp_ist,segment_id,status,frc,current_speed_kmph,free_flow_speed_kmph,current_travel_time_s,free_flow_travel_time_s,confidence,road_closure,seg_start_lat,seg_start_lon,seg_end_lat,seg_end_lon
2026-09-27T06:31:36Z,2026-09-27 12:01:36,orr_hsr,ok,FRC1,43,43,59,59,1,False,12.917273237323744,77.64092666507719,12.916244577017903,77.63487560153817
2026-09-27T06:31:36Z,2026-09-27 12:01:36,orr_iblur,ok,FRC1,42,42,169,169,1,False,12.92075738312682,77.66533074380487,12.928526460252453,77.68170697094911
2026-09-27T06:31:36Z,2026-09-27 12:01:36,orr_bellandur,ok,FRC1,49,49,51,51,1,False,12.928526460252453,77.68170697094911,12.93191543996225,77.68717197181826
2026-09-27T06:31:36Z,2026-09-27 12:01:36,orr_marathahalli,ok,FRC1,40,40,349,349,1,False,12.969829756831466,77.70065275433024,12.937285233242429,77.69319621326713
2026-09-27T06:31:36Z,2026-09-27 12:01:36,orr_doddanekundi,ok,FRC1,41,41,647,647,1,False,12.94125482917495,77.69626600148536,13.000288982126634,77.68031892778362
2026-09-27T06:31:36Z,2026-09-27 12:01:36,orr_mahadevapura,ok,FRC1,46,46,332,332,1,False,13.000373429575006,77.67881152631685,12.969829756831466,77.70065275433024
2026-09-27T06:31:36Z,2026-09-27 12:01:36,hosur_bommanahalli,ok,FRC1,40,40,58,58,1,False,12.909218593796567,77.62749282122297,12.91427319093241,77.62440291643713
2026-09-27T06:31:36Z,2026-09-27 12:01:36,sarjapur_agara,ok,FRC1,39,39,94,94,1,False,12.917313432684539,77.64083412886617,12.923976051130884,77.64726874829438
2026-09-27T06:31:36Z,2026-09-27 12:01:36,old_airport_konena,ok,FRC2,27,33,1952,1597,1,False,12.956720480405576,77.74534372094678,12.972658179083226,77.61948508620713
2026-09-27T06:31:36Z,2026-09-27 12:01:36,varthur_marathahalli,ok,FRC2,27,33,1952,1597,1,False,12.956720480405576,77.74534372094678,12.972658179083226,77.61948508620713
2026-09-27T06:31:36Z,2026-09-27 12:01:36,varthur_kundalahalli,ok,FRC2,35,35,1503,1503,1,False,12.972670267685029,77.61953604817847,12.956926979936062,77.74537054303693
2026-09-27T07:41:00Z,2026-09-27 13:11:00,orr_hsr,ok,FRC1,43,43,59,59,1,False,12.917273237323744,77.64092666507719,12.916244577017903,77.63487560153817
2026-09-27T07:41:00Z,2026-09-27 13:11:00,orr_iblur,ok,FRC1,42,42,169,169,1,False,12.92075738312682,77.66533074380487,12.928526460252453,77.68170697094911
2026-09-27T07:41:00Z,2026-09-27 13:11:00,orr_bellandur,ok,FRC1,49,49,51,51,1,False,12.928526460252453,77.68170697094911,12.93191543996225,77.68717197181826
2026-09-27T07:41:00Z,2026-09-27 13:11:00,orr_marathahalli,ok,FRC1,40,40,349,349,1,False,12.969829756831466,77.70065275433024,12.937285233242429,77.69319621326713
2026-09-27T07:41:00Z,2026-09-27 13:11:00,orr_doddanekundi,ok,FRC1,41,41,647,647,1,False,12.94125482917495,77.69626600148536,13.000288982126634,77.68031892778362
2026-09-27T07:41:00Z,2026-09-27 13:11:00,orr_mahadevapura,ok,FRC1,46,46,332,332,1,False,13.000373429575006,77.67881152631685,12.969829756831466,77.70065275433024
2026-09-27T07:41:00Z,2026-09-27 13:11:00,hosur_bommanahalli,ok,FRC1,40,40,58,58,1,False,12.909218593796567,77.62749282122297,12.91427319093241,77.62440291643713
2026-09-27T07:41:00Z,2026-09-27 13:11:00,sarjapur_agara,ok,FRC1,39,39,94,94,1,False,12.917313432684539,77.64083412886617,12.923976051130884,77.64726874829438
2026-09-27T07:41:00Z,2026-09-27 13:11:00,old_airport_konena,ok,FRC2,25,33,2109,1597,1,False,12.956720480405576,77.74534372094678,12.972658179083226,77.61948508620713
2026-09-27T07:41:00Z,2026-09-27 13:11:00,varthur_kundalahalli,ok,FRC2,30,35,1754,1503,1,False,12.972670267685029,77.61953604817847,12.956926979936062,77.74537054303693
2026-09-27T08:27:26Z,2026-09-27 13:57:26,orr_hsr,ok,FRC1,43,43,59,59,1,False,12.917273237323744,77.64092666507719,12.916244577017903,77.63487560153817
2026-09-27T08:27:26Z,2026-09-27 13:57:26,orr_iblur,ok,FRC1,42,42,169,169,1,False,12.92075738312682,77.66533074380487,12.928526460252453,77.68170697094911
2026-09-27T08:27:26Z,2026-09-27 13:57:26,orr_bellandur,ok,FRC1,49,49,51,51,1,False,12.928526460252453,77.68170697094911,12.93191543996225,77.68717197181826
2026-09-27T08:27:26Z,2026-09-27 13:57:26,orr_marathahalli,ok,FRC1,40,40,349,349,1,False,12.969829756831466,77.70065275433024,12.937285233242429,77.69319621326713
2026-09-27T08:27:26Z,2026-09-27 13:57:26,orr_doddanekundi,ok,FRC1,41,41,647,647,1,False,12.94125482917495,77.69626600148536,13.000288982126634,77.68031892778362
2026-09-27T08:27:26Z,2026-09-27 13:57:26,orr_mahadevapura,ok,FRC1,46,46,332,332,1,False,13.000373429575006,77.67881152631685,12.969829756831466,77.70065275433024
2026-09-27T08:27:26Z,2026-09-27 13:57:26,hosur_bommanahalli,ok,FRC1,40,40,58,58,1,False,12.909218593796567,77.62749282122297,12.91427319093241,77.62440291643713
2026-09-27T08:27:26Z,2026-09-27 13:57:26,sarjapur_agara,ok,FRC1,39,39,94,94,1,False,12.917313432684539,77.64083412886617,12.923976051130884,77.64726874829438
2026-09-27T08:27:26Z,2026-09-27 13:57:26,old_airport_konena,ok,FRC2,28,33,1883,1597,1,False,12.956720480405576,77.74534372094678,12.972658179083226,77.61948508620713
2026-09-27T08:27:26Z,2026-09-27 13:57:26,varthur_kundalahalli,ok,FRC2,35,35,1503,1503,1,False,12.972670267685029,77.61953604817847,12.956926979936062,77.74537054303693
2026-09-27T08:37:00Z,2026-09-27 14:07:00,orr_hsr,ok,FRC1,43,43,59,59,1,False,12.917273237323744,77.64092666507719,12.916244577017903,77.63487560153817
2026-09-27T08:37:00Z,2026-09-27 14:07:00,orr_iblur,ok,FRC1,42,42,169,169,1,False,12.92075738312682,77.66533074380487,12.928526460252453,77.68170697094911
2026-09-27T08:37:00Z,2026-09-27 14:07:00,orr_bellandur,ok,FRC1,49,49,51,51,1,False,12.928526460252453,77.68170697094911,12.93191543996225,77.68717197181826
2026-09-27T08:37:00Z,2026-09-27 14:07:00,orr_marathahalli,ok,FRC1,40,40,349,349,1,False,12.969829756831466,77.70065275433024,12.937285233242429,77.69319621326713
2026-09-27T08:37:00Z,2026-09-27 14:07:00,orr_doddanekundi,ok,FRC1,41,41,647,647,1,False,12.94125482917495,77.69626600148536,13.000288982126634,77.68031892778362
2026-09-27T08:37:00Z,2026-09-27 14:07:00,orr_mahadevapura,ok,FRC1,46,46,332,332,1,False,13.000373429575006,77.67881152631685,12.969829756831466,77.70065275433024
2026-09-27T08:37:00Z,2026-09-27 14:07:00,hosur_bommanahalli,ok,FRC1,40,40,58,58,1,False,12.909218593796567,77.62749282122297,12.91427319093241,77.62440291643713
2026-09-27T08:37:00Z,2026-09-27 14:07:00,sarjapur_agara,ok,FRC1,39,39,94,94,1,False,12.917313432684539,77.64083412886617,12.923976051130884,77.64726874829438
2026-09-27T08:37:00Z,2026-09-27 14:07:00,old_airport_konena,ok,FRC2,27,33,1952,1597,1,False,12.956720480405576,77.74534372094678,12.972658179083226,77.61948508620713
2026-09-27T08:37:00Z,2026-09-27 14:07:00,varthur_kundalahalli,ok,FRC2,35,35,1503,1503,1,False,12.972670267685029,77.61953604817847,12.956926979936062,77.74537054303693
2026-09-27T08:52:00Z,2026-09-27 14:22:00,orr_hsr,ok,FRC1,43,43,59,59,1,False,12.917273237323744,77.64092666507719,12.916244577017903,77.63487560153817
2026-09-27T08:52:00Z,2026-09-27 14:22:00,orr_iblur,ok,FRC1,42,42,169,169,1,False,12.92075738312682,77.66533074380487,12.928526460252453,77.68170697094911
2026-09-27T08:52:00Z,2026-09-27 14:22:00,orr_bellandur,ok,FRC1,49,49,51,51,1,False,12.928526460252453,77.68170697094911,12.93191543996225,77.68717197181826
2026-09-27T08:52:00Z,2026-09-27 14:22:00,orr_marathahalli,ok,FRC1,40,40,349,349,1,False,12.969829756831466,77.70065275433024,12.937285233242429,77.69319621326713
2026-09-27T08:52:00Z,2026-09-27 14:22:00,orr_doddanekundi,ok,FRC1,41,41,647,647,1,False,12.94125482917495,77.69626600148536,13.000288982126634,77.68031892778362
2026-09-27T08:52:00Z,2026-09-27 14:22:00,orr_mahadevapura,ok,FRC1,46,46,332,332,1,False,13.000373429575006,77.67881152631685,12.969829756831466,77.70065275433024
2026-09-27T08:52:00Z,2026-09-27 14:22:00,hosur_bommanahalli,ok,FRC1,40,40,58,58,1,False,12.909218593796567,77.62749282122297,12.91427319093241,77.62440291643713
2026-09-27T08:52:00Z,2026-09-27 14:22:00,sarjapur_agara,ok,FRC1,39,39,94,94,1,False,12.917313432684539,77.64083412886617,12.923976051130884,77.64726874829438
2026-09-27T08:52:00Z,2026-09-27 14:22:00,old_airport_konena,ok,FRC2,28,33,1883,1597,1,False,12.956720480405576,77.74534372094678,12.972658179083226,77.61948508620713
2026-09-27T08:52:00Z,2026-09-27 14:22:00,varthur_kundalahalli,ok,FRC2,35,35,1503,1503,1,False,12.972670267685029,77.61953604817847,12.956926979936062,77.74537054303693
2026-09-27T09:07:00Z,2026-09-27 14:37:00,orr_hsr,ok,FRC1,43,43,59,59,1,False,12.917273237323744,77.64092666507719,12.916244577017903,77.63487560153817
2026-09-27T09:07:00Z,2026-09-27 14:37:00,orr_iblur,ok,FRC1,42,42,169,169,1,False,12.92075738312682,77.66533074380487,12.928526460252453,77.68170697094911
2026-09-27T09:07:00Z,2026-09-27 14:37:00,orr_bellandur,ok,FRC1,49,49,51,51,1,False,12.928526460252453,77.68170697094911,12.93191543996225,77.68717197181826
2026-09-27T09:07:00Z,2026-09-27 14:37:00,orr_marathahalli,ok,FRC1,40,40,349,349,1,False,12.969829756831466,77.70065275433024,12.937285233242429,77.69319621326713
2026-09-27T09:07:00Z,2026-09-27 14:37:00,orr_doddanekundi,ok,FRC1,41,41,647,647,1,False,12.94125482917495,77.69626600148536,13.000288982126634,77.68031892778362
2026-09-27T09:07:00Z,2026-09-27 14:37:00,orr_mahadevapura,ok,FRC1,46,46,332,332,1,False,13.000373429575006,77.67881152631685,12.969829756831466,77.70065275433024
2026-09-27T09:07:00Z,2026-09-27 14:37:00,hosur_bommanahalli,ok,FRC1,40,40,58,58,1,False,12.909218593796567,77.62749282122297,12.91427319093241,77.62440291643713
2026-09-27T09:07:00Z,2026-09-27 14:37:00,sarjapur_agara,ok,FRC1,39,39,94,94,1,False,12.917313432684539,77.64083412886617,12.923976051130884,77.64726874829438
2026-09-27T09:07:00Z,2026-09-27 14:37:00,old_airport_konena,ok,FRC2,29,33,1818,1597,1,False,12.956720480405576,77.74534372094678,12.972658179083226,77.61948508620713
2026-09-27T09:07:00Z,2026-09-27 14:37:00,varthur_kundalahalli,ok,FRC2,30,35,1754,1503,1,False,12.972670267685029,77.61953604817847,12.956926979936062,77.74537054303693
2026-09-27T09:22:00Z,2026-09-27 14:52:00,orr_hsr,ok,FRC1,43,43,59,59,1,False,12.917273237323744,77.64092666507719,12.916244577017903,77.63487560153817
2026-09-27T09:22:00Z,2026-09-27 14:52:00,orr_iblur,ok,FRC1,42,42,169,169,1,False,12.92075738312682,77.66533074380487,12.928526460252453,77.68170697094911
2026-09-27T09:22:00Z,2026-09-27 14:52:00,orr_bellandur,ok,FRC1,49,49,51,51,1,False,12.928526460252453,77.68170697094911,12.93191543996225,77.68717197181826
2026-09-27T09:22:00Z,2026-09-27 14:52:00,orr_marathahalli,ok,FRC1,40,40,349,349,1,False,12.969829756831466,77.70065275433024,12.937285233242429,77.69319621326713
2026-09-27T09:22:00Z,2026-09-27 14:52:00,orr_doddanekundi,ok,FRC1,41,41,647,647,1,False,12.94125482917495,77.69626600148536,13.000288982126634,77.68031892778362
2026-09-27T09:22:00Z,2026-09-27 14:52:00,orr_mahadevapura,ok,FRC1,46,46,332,332,1,False,13.000373429575006,77.67881152631685,12.969829756831466,77.70065275433024
2026-09-27T09:22:00Z,2026-09-27 14:52:00,hosur_bommanahalli,ok,FRC1,40,40,58,58,1,False,12.909218593796567,77.62749282122297,12.91427319093241,77.62440291643713
2026-09-27T09:22:00Z,2026-09-27 14:52:00,sarjapur_agara,ok,FRC1,39,39,94,94,1,False,12.917313432684539,77.64083412886617,12.923976051130884,77.64726874829438
2026-09-27T09:22:00Z,2026-09-27 14:52:00,old_airport_konena,ok,FRC2,29,33,1818,1597,1,False,12.956720480405576,77.74534372094678,12.972658179083226,77.61948508620713
2026-09-27T09:22:00Z,2026-09-27 14:52:00,varthur_kundalahalli,ok,FRC2,30,35,1754,1503,1,False,12.972670267685029,77.61953604817847,12.956926979936062,77.74537054303693
2026-09-27T09:37:00Z,2026-09-27 15:07:00,orr_hsr,ok,FRC1,43,43,59,59,1,False,12.917273237323744,77.64092666507719,12.916244577017903,77.63487560153817
2026-09-27T09:37:00Z,2026-09-27 15:07:00,orr_iblur,ok,FRC1,42,42,169,169,1,False,12.92075738312682,77.66533074380487,12.928526460252453,77.68170697094911
2026-09-27T09:37:00Z,2026-09-27 15:07:00,orr_bellandur,ok,FRC1,49,49,51,51,1,False,12.928526460252453,77.68170697094911,12.93191543996225,77.68717197181826
2026-09-27T09:37:00Z,2026-09-27 15:07:00,orr_marathahalli,ok,FRC1,40,40,349,349,1,False,12.969829756831466,77.70065275433024,12.937285233242429,77.69319621326713
2026-09-27T09:37:00Z,2026-09-27 15:07:00,orr_doddanekundi,ok,FRC1,41,41,647,647,1,False,12.94125482917495,77.69626600148536,13.000288982126634,77.68031892778362
2026-09-27T09:37:00Z,2026-09-27 15:07:00,orr_mahadevapura,ok,FRC1,46,46,332,332,1,False,13.000373429575006,77.67881152631685,12.969829756831466,77.70065275433024
2026-09-27T09:37:00Z,2026-09-27 15:07:00,hosur_bommanahalli,ok,FRC1,40,40,58,58,1,False,12.909218593796567,77.62749282122297,12.91427319093241,77.62440291643713
2026-09-27T09:37:00Z,2026-09-27 15:07:00,sarjapur_agara,ok,FRC1,39,39,94,94,1,False,12.917313432684539,77.64083412886617,12.923976051130884,77.64726874829438
2026-09-27T09:37:00Z,2026-09-27 15:07:00,old_airport_konena,ok,FRC2,27,33,1952,1597,1,False,12.956720480405576,77.74534372094678,12.972658179083226,77.61948508620713
2026-09-27T09:37:00Z,2026-09-27 15:07:00,varthur_kundalahalli,ok,FRC2,35,35,1503,1503,1,False,12.972670267685029,77.61953604817847,12.956926979936062,77.74537054303693
2026-09-27T09:52:00Z,2026-09-27 15:22:00,orr_hsr,ok,FRC1,43,43,59,59,1,False,12.917273237323744,77.64092666507719,12.916244577017903,77.63487560153817
2026-09-27T09:52:00Z,2026-09-27 15:22:00,orr_iblur,ok,FRC1,42,42,169,169,1,False,12.92075738312682,77.66533074380487,12.928526460252453,77.68170697094911
2026-09-27T09:52:00Z,2026-09-27 15:22:00,orr_bellandur,ok,FRC1,49,49,51,51,1,False,12.928526460252453,77.68170697094911,12.93191543996225,77.68717197181826
2026-09-27T09:52:00Z,2026-09-27 15:22:00,orr_marathahalli,ok,FRC1,40,40,349,349,1,False,12.969829756831466,77.70065275433024,12.937285233242429,77.69319621326713
2026-09-27T09:52:00Z,2026-09-27 15:22:00,orr_doddanekundi,ok,FRC1,41,41,647,647,1,False,12.94125482917495,77.69626600148536,13.000288982126634,77.68031892778362
2026-09-27T09:52:00Z,2026-09-27 15:22:00,orr_mahadevapura,ok,FRC1,46,46,332,332,1,False,13.000373429575006,77.67881152631685,12.969829756831466,77.70065275433024
2026-09-27T09:52:00Z,2026-09-27 15:22:00,hosur_bommanahalli,ok,FRC1,40,40,58,58,1,False,12.909218593796567,77.62749282122297,12.91427319093241,77.62440291643713
2026-09-27T09:52:00Z,2026-09-27 15:22:00,sarjapur_agara,ok,FRC1,39,39,94,94,1,False,12.917313432684539,77.64083412886617,12.923976051130884,77.64726874829438
2026-09-27T09:52:00Z,2026-09-27 15:22:00,old_airport_konena,ok,FRC2,26,33,2027,1597,1,False,12.956720480405576,77.74534372094678,12.972658179083226,77.61948508620713
2026-09-27T09:52:00Z,2026-09-27 15:22:00,varthur_kundalahalli,ok,FRC2,29,35,1814,1503,1,False,12.972670267685029,77.61953604817847,12.956926979936062,77.74537054303693
2026-09-27T10:07:01Z,2026-09-27 15:37:01,orr_hsr,ok,FRC1,43,43,59,59,1,False,12.917273237323744,77.64092666507719,12.916244577017903,77.63487560153817
2026-09-27T10:07:01Z,2026-09-27 15:37:01,orr_iblur,ok,FRC1,42,42,169,169,1,False,12.92075738312682,77.66533074380487,12.928526460252453,77.68170697094911
2026-09-27T10:07:01Z,2026-09-27 15:37:01,orr_bellandur,ok,FRC1,37,49,68,51,1,False,12.928526460252453,77.68170697094911,12.93191543996225,77.68717197181826
2026-09-27T10:07:01Z,2026-09-27 15:37:01,orr_marathahalli,ok,FRC1,40,40,349,349,1,False,12.969829756831466,77.70065275433024,12.937285233242429,77.69319621326713
2026-09-27T10:07:01Z,2026-09-27 15:37:01,orr_doddanekundi,ok,FRC1,41,41,647,647,1,False,12.94125482917495,77.69626600148536,13.000288982126634,77.68031892778362
2026-09-27T10:07:01Z,2026-09-27 15:37:01,orr_mahadevapura,ok,FRC1,46,46,332,332,1,False,13.000373429575006,77.67881152631685,12.969829756831466,77.70065275433024
2026-09-27T10:07:01Z,2026-09-27 15:37:01,hosur_bommanahalli,ok,FRC1,32,38,73,61,1,False,12.909218593796567,77.62749282122297,12.91427319093241,77.62440291643713
2026-09-27T10:07:01Z,2026-09-27 15:37:01,sarjapur_agara,ok,FRC1,39,39,94,94,1,False,12.917313432684539,77.64083412886617,12.923976051130884,77.64726874829438
2026-09-27T10:07:01Z,2026-09-27 15:37:01,old_airport_konena,ok,FRC2,26,33,2027,1597,1,False,12.956720480405576,77.74534372094678,12.972658179083226,77.61948508620713
2026-09-27T10:07:01Z,2026-09-27 15:37:01,varthur_kundalahalli,ok,FRC2,29,35,1814,1503,1,False,12.972670267685029,77.61953604817847,12.956926979936062,77.74537054303693
2026-09-27T10:22:00Z,2026-09-27 15:52:00,orr_hsr,ok,FRC1,43,43,59,59,1,False,12.917273237323744,77.64092666507719,12.916244577017903,77.63487560153817
2026-09-27T10:22:00Z,2026-09-27 15:52:00,orr_iblur,ok,FRC1,42,42,169,169,1,False,12.92075738312682,77.66533074380487,12.928526460252453,77.68170697094911
2026-09-27T10:22:00Z,2026-09-27 15:52:00,orr_bellandur,ok,FRC1,49,49,51,51,1,False,12.928526460252453,77.68170697094911,12.93191543996225,77.68717197181826
2026-09-27T10:22:00Z,2026-09-27 15:52:00,orr_marathahalli,ok,FRC1,40,40,349,349,1,False,12.969829756831466,77.70065275433024,12.937285233242429,77.69319621326713
2026-09-27T10:22:00Z,2026-09-27 15:52:00,orr_doddanekundi,ok,FRC1,35,42,758,632,1,False,12.94125482917495,77.69626600148536,13.000288982126634,77.68031892778362
2026-09-27T10:22:00Z,2026-09-27 15:52:00,orr_mahadevapura,ok,FRC1,46,46,332,332,1,False,13.000373429575006,77.67881152631685,12.969829756831466,77.70065275433024
2026-09-27T10:22:00Z,2026-09-27 15:52:00,hosur_bommanahalli,ok,FRC1,40,40,58,58,1,False,12.909218593796567,77.62749282122297,12.91427319093241,77.62440291643713
2026-09-27T10:22:00Z,2026-09-27 15:52:00,sarjapur_agara,ok,FRC1,39,39,94,94,1,False,12.917313432684539,77.64083412886617,12.923976051130884,77.64726874829438
2026-09-27T10:22:00Z,2026-09-27 15:52:00,old_airport_konena,ok,FRC2,27,33,1952,1597,1,False,12.956720480405576,77.74534372094678,12.972658179083226,77.61948508620713
2026-09-27T10:22:00Z,2026-09-27 15:52:00,varthur_kundalahalli,ok,FRC2,29,35,1814,1503,1,False,12.972670267685029,77.61953604817847,12.956926979936062,77.74537054303693
2026-09-27T10:37:00Z,2026-09-27 16:07:00,orr_hsr,ok,FRC1,43,43,59,59,1,False,12.917273237323744,77.64092666507719,12.916244577017903,77.63487560153817
2026-09-27T10:37:00Z,2026-09-27 16:07:00,orr_iblur,ok,FRC1,37,43,192,165,1,False,12.92075738312682,77.66533074380487,12.928526460252453,77.68170697094911
2026-09-27T10:37:00Z,2026-09-27 16:07:00,orr_bellandur,ok,FRC1,49,49,51,51,1,False,12.928526460252453,77.68170697094911,12.93191543996225,77.68717197181826
2026-09-27T10:37:00Z,2026-09-27 16:07:00,orr_marathahalli,ok,FRC1,40,40,349,349,1,False,12.969829756831466,77.70065275433024,12.937285233242429,77.69319621326713
2026-09-27T10:37:00Z,2026-09-27 16:07:00,orr_doddanekundi,ok,FRC1,41,41,647,647,1,False,12.94125482917495,77.69626600148536,13.000288982126634,77.68031892778362
2026-09-27T10:37:00Z,2026-09-27 16:07:00,orr_mahadevapura,ok,FRC1,46,46,332,332,1,False,13.000373429575006,77.67881152631685,12.969829756831466,77.70065275433024
2026-09-27T10:37:00Z,2026-09-27 16:07:00,hosur_bommanahalli,ok,FRC1,40,40,58,58,1,False,12.909218593796567,77.62749282122297,12.91427319093241,77.62440291643713
2026-09-27T10:37:00Z,2026-09-27 16:07:00,sarjapur_agara,ok,FRC1,39,39,94,94,1,False,12.917313432684539,77.64083412886617,12.923976051130884,77.64726874829438
2026-09-27T10:37:00Z,2026-09-27 16:07:00,old_airport_konena,ok,FRC2,25,33,2109,1597,1,False,12.956720480405576,77.74534372094678,12.972658179083226,77.61948508620713
2026-09-27T10:37:00Z,2026-09-27 16:07:00,varthur_kundalahalli,ok,FRC2,29,35,1814,1503,1,False,12.972670267685029,77.61953604817847,12.956926979936062,77.74537054303693
2026-09-27T10:52:00Z,2026-09-27 16:22:00,orr_hsr,ok,FRC1,43,43,59,59,1,False,12.917273237323744,77.64092666507719,12.916244577017903,77.63487560153817
2026-09-27T10:52:00Z,2026-09-27 16:22:00,orr_iblur,ok,FRC1,42,42,169,169,1,False,12.92075738312682,77.66533074380487,12.928526460252453,77.68170697094911
2026-09-27T10:52:00Z,2026-09-27 16:22:00,orr_bellandur,ok,FRC1,49,49,51,51,1,False,12.928526460252453,77.68170697094911,12.93191543996225,77.68717197181826
2026-09-27T10:52:00Z,2026-09-27 16:22:00,orr_marathahalli,ok,FRC1,40,40,349,349,1,False,12.969829756831466,77.70065275433024,12.937285233242429,77.69319621326713
2026-09-27T10:52:00Z,2026-09-27 16:22:00,orr_doddanekundi,ok,FRC1,41,41,647,647,1,False,12.94125482917495,77.69626600148536,13.000288982126634,77.68031892778362
2026-09-27T10:52:00Z,2026-09-27 16:22:00,orr_mahadevapura,ok,FRC1,46,46,332,332,1,False,13.000373429575006,77.67881152631685,12.969829756831466,77.70065275433024
2026-09-27T10:52:00Z,2026-09-27 16:22:00,hosur_bommanahalli,ok,FRC1,40,40,58,58,1,False,12.909218593796567,77.62749282122297,12.91427319093241,77.62440291643713
2026-09-27T10:52:00Z,2026-09-27 16:22:00,sarjapur_agara,ok,FRC1,39,39,94,94,1,False,12.917313432684539,77.64083412886617,12.923976051130884,77.64726874829438
2026-09-27T10:52:00Z,2026-09-27 16:22:00,old_airport_konena,ok,FRC2,28,33,1883,1597,1,False,12.956720480405576,77.74534372094678,12.972658179083226,77.61948508620713
2026-09-27T10:52:00Z,2026-09-27 16:22:00,varthur_kundalahalli,ok,FRC2,35,35,1503,1503,1,False,12.972670267685029,77.61953604817847,12.956926979936062,77.74537054303693
2026-09-27T11:07:00Z,2026-09-27 16:37:00,orr_hsr,ok,FRC1,43,43,59,59,1,False,12.917273237323744,77.64092666507719,12.916244577017903,77.63487560153817
2026-09-27T11:07:00Z,2026-09-27 16:37:00,orr_iblur,ok,FRC1,42,42,169,169,1,False,12.92075738312682,77.66533074380487,12.928526460252453,77.68170697094911
2026-09-27T11:07:00Z,2026-09-27 16:37:00,orr_bellandur,ok,FRC1,49,49,51,51,1,False,12.928526460252453,77.68170697094911,12.93191543996225,77.68717197181826
2026-09-27T11:07:00Z,2026-09-27 16:37:00,orr_marathahalli,ok,FRC1,40,40,349,349,1,False,12.969829756831466,77.70065275433024,12.937285233242429,77.69319621326713
2026-09-27T11:07:00Z,2026-09-27 16:37:00,orr_doddanekundi,ok,FRC1,35,41,758,647,1,False,12.94125482917495,77.69626600148536,13.000288982126634,77.68031892778362
2026-09-27T11:07:00Z,2026-09-27 16:37:00,orr_mahadevapura,ok,FRC1,46,46,332,332,1,False,13.000373429575006,77.67881152631685,12.969829756831466,77.70065275433024
2026-09-27T11:07:00Z,2026-09-27 16:37:00,hosur_bommanahalli,ok,FRC1,40,40,58,58,1,False,12.909218593796567,77.62749282122297,12.91427319093241,77.62440291643713
2026-09-27T11:07:00Z,2026-09-27 16:37:00,sarjapur_agara,ok,FRC1,39,39,94,94,1,False,12.917313432684539,77.64083412886617,12.923976051130884,77.64726874829438
2026-09-27T11:07:00Z,2026-09-27 16:37:00,old_airport_konena,ok,FRC2,27,33,1952,1597,1,False,12.956720480405576,77.74534372094678,12.972658179083226,77.61948508620713
2026-09-27T11:07:00Z,2026-09-27 16:37:00,varthur_kundalahalli,ok,FRC2,35,35,1503,1503,1,False,12.972670267685029,77.61953604817847,12.956926979936062,77.74537054303693
2026-09-27T11:22:00Z,2026-09-27 16:52:00,orr_hsr,ok,FRC1,43,43,59,59,1,False,12.917273237323744,77.64092666507719,12.916244577017903,77.63487560153817
2026-09-27T11:22:00Z,2026-09-27 16:52:00,orr_iblur,ok,FRC1,42,42,169,169,1,False,12.92075738312682,77.66533074380487,12.928526460252453,77.68170697094911
2026-09-27T11:22:00Z,2026-09-27 16:52:00,orr_bellandur,ok,FRC1,49,49,51,51,1,False,12.928526460252453,77.68170697094911,12.93191543996225,77.68717197181826
2026-09-27T11:22:00Z,2026-09-27 16:52:00,orr_marathahalli,ok,FRC1,40,40,349,349,1,False,12.969829756831466,77.70065275433024,12.937285233242429,77.69319621326713
2026-09-27T11:22:00Z,2026-09-27 16:52:00,orr_doddanekundi,ok,FRC1,35,41,758,647,1,False,12.94125482917495,77.69626600148536,13.000288982126634,77.68031892778362
2026-09-27T11:22:00Z,2026-09-27 16:52:00,orr_mahadevapura,ok,FRC1,38,45,402,339,1,False,13.000373429575006,77.67881152631685,12.969829756831466,77.70065275433024
2026-09-27T11:22:00Z,2026-09-27 16:52:00,hosur_bommanahalli,ok,FRC1,32,39,73,60,1,False,12.909218593796567,77.62749282122297,12.91427319093241,77.62440291643713
2026-09-27T11:22:00Z,2026-09-27 16:52:00,sarjapur_agara,ok,FRC1,39,39,94,94,1,False,12.917313432684539,77.64083412886617,12.923976051130884,77.64726874829438
2026-09-27T11:22:00Z,2026-09-27 16:52:00,old_airport_konena,ok,FRC2,26,33,2027,1597,1,False,12.956720480405576,77.74534372094678,12.972658179083226,77.61948508620713
2026-09-27T11:22:00Z,2026-09-27 16:52:00,varthur_kundalahalli,ok,FRC2,29,35,1814,1503,1,False,12.972670267685029,77.61953604817847,12.956926979936062,77.74537054303693
2026-09-27T11:37:00Z,2026-09-27 17:07:00,orr_hsr,ok,FRC1,43,43,59,59,1,False,12.917273237323744,77.64092666507719,12.916244577017903,77.63487560153817
2026-09-27T11:37:00Z,2026-09-27 17:07:00,orr_iblur,ok,FRC1,42,42,169,169,1,False,12.92075738312682,77.66533074380487,12.928526460252453,77.68170697094911
2026-09-27T11:37:00Z,2026-09-27 17:07:00,orr_bellandur,ok,FRC1,49,49,51,51,1,False,12.928526460252453,77.68170697094911,12.93191543996225,77.68717197181826
2026-09-27T11:37:00Z,2026-09-27 17:07:00,orr_marathahalli,ok,FRC1,40,40,349,349,1,False,12.969829756831466,77.70065275433024,12.937285233242429,77.69319621326713
2026-09-27T11:37:00Z,2026-09-27 17:07:00,orr_doddanekundi,ok,FRC1,41,41,647,647,1,False,12.94125482917495,77.69626600148536,13.000288982126634,77.68031892778362
2026-09-27T11:37:00Z,2026-09-27 17:07:00,orr_mahadevapura,ok,FRC1,46,46,332,332,1,False,13.000373429575006,77.67881152631685,12.969829756831466,77.70065275433024
2026-09-27T11:37:00Z,2026-09-27 17:07:00,hosur_bommanahalli,ok,FRC1,40,40,58,58,1,False,12.909218593796567,77.62749282122297,12.91427319093241,77.62440291643713
2026-09-27T11:37:00Z,2026-09-27 17:07:00,sarjapur_agara,ok,FRC1,39,39,94,94,1,False,12.917313432684539,77.64083412886617,12.923976051130884,77.64726874829438
2026-09-27T11:37:00Z,2026-09-27 17:07:00,old_airport_konena,ok,FRC2,33,33,1597,1597,1,False,12.956720480405576,77.74534372094678,12.972658179083226,77.61948508620713
2026-09-27T11:37:00Z,2026-09-27 17:07:00,varthur_kundalahalli,ok,FRC2,30,35,1754,1503,1,False,12.972670267685029,77.61953604817847,12.956926979936062,77.74537054303693
2026-09-27T11:52:00Z,2026-09-27 17:22:00,orr_hsr,ok,FRC1,43,43,59,59,1,False,12.917273237323744,77.64092666507719,12.916244577017903,77.63487560153817
2026-09-27T11:52:00Z,2026-09-27 17:22:00,orr_iblur,ok,FRC1,42,42,169,169,1,False,12.92075738312682,77.66533074380487,12.928526460252453,77.68170697094911
2026-09-27T11:52:00Z,2026-09-27 17:22:00,orr_bellandur,ok,FRC1,49,49,51,51,1,False,12.928526460252453,77.68170697094911,12.93191543996225,77.68717197181826
2026-09-27T11:52:00Z,2026-09-27 17:22:00,orr_marathahalli,ok,FRC1,31,40,450,349,1,False,12.969829756831466,77.70065275433024,12.937285233242429,77.69319621326713
2026-09-27T11:52:00Z,2026-09-27 17:22:00,orr_doddanekundi,ok,FRC1,41,41,647,647,1,False,12.94125482917495,77.69626600148536,13.000288982126634,77.68031892778362
2026-09-27T11:52:00Z,2026-09-27 17:22:00,orr_mahadevapura,ok,FRC1,40,46,382,332,1,False,13.000373429575006,77.67881152631685,12.969829756831466,77.70065275433024
2026-09-27T11:52:00Z,2026-09-27 17:22:00,hosur_bommanahalli,ok,FRC1,40,40,58,58,1,False,12.909218593796567,77.62749282122297,12.91427319093241,77.62440291643713
2026-09-27T11:52:00Z,2026-09-27 17:22:00,sarjapur_agara,ok,FRC1,39,39,94,94,1,False,12.917313432684539,77.64083412886617,12.923976051130884,77.64726874829438
2026-09-27T11:52:00Z,2026-09-27 17:22:00,old_airport_konena,ok,FRC2,26,33,2027,1597,1,False,12.956720480405576,77.74534372094678,12.972658179083226,77.61948508620713
2026-09-27T11:52:00Z,2026-09-27 17:22:00,varthur_kundalahalli,ok,FRC2,28,35,1879,1503,1,False,12.972670267685029,77.61953604817847,12.956926979936062,77.74537054303693
2026-09-27T12:07:00Z,2026-09-27 17:37:00,orr_hsr,ok,FRC1,43,43,59,59,1,False,12.917273237323744,77.64092666507719,12.916244577017903,77.63487560153817
2026-09-27T12:07:00Z,2026-09-27 17:37:00,orr_iblur,ok,FRC1,42,42,169,169,1,False,12.92075738312682,77.66533074380487,12.928526460252453,77.68170697094911
2026-09-27T12:07:00Z,2026-09-27 17:37:00,orr_bellandur,ok,FRC1,49,49,51,51,1,False,12.928526460252453,77.68170697094911,12.93191543996225,77.68717197181826
2026-09-27T12:07:00Z,2026-09-27 17:37:00,orr_marathahalli,ok,FRC1,35,39,399,358,1,False,12.969829756831466,77.70065275433024,12.937285233242429,77.69319621326713
2026-09-27T12:07:00Z,2026-09-27 17:37:00,orr_doddanekundi,ok,FRC1,41,41,647,647,1,False,12.94125482917495,77.69626600148536,13.000288982126634,77.68031892778362
2026-09-27T12:07:00Z,2026-09-27 17:37:00,orr_mahadevapura,ok,FRC1,46,46,332,332,1,False,13.000373429575006,77.67881152631685,12.969829756831466,77.70065275433024
2026-09-27T12:07:00Z,2026-09-27 17:37:00,hosur_bommanahalli,ok,FRC1,31,39,75,60,1,False,12.909218593796567,77.62749282122297,12.91427319093241,77.62440291643713
2026-09-27T12:07:00Z,2026-09-27 17:37:00,sarjapur_agara,ok,FRC1,39,39,94,94,1,False,12.917313432684539,77.64083412886617,12.923976051130884,77.64726874829438
2026-09-27T12:07:00Z,2026-09-27 17:37:00,old_airport_konena,ok,FRC2,26,33,2027,1597,1,False,12.956720480405576,77.74534372094678,12.972658179083226,77.61948508620713
2026-09-27T12:07:00Z,2026-09-27 17:37:00,varthur_kundalahalli,ok,FRC2,30,35,1754,1503,1,False,12.972670267685029,77.61953604817847,12.956926979936062,77.74537054303693
2026-09-27T12:22:00Z,2026-09-27 17:52:00,orr_hsr,ok,FRC1,43,43,59,59,1,False,12.917273237323744,77.64092666507719,12.916244577017903,77.63487560153817
2026-09-27T12:22:00Z,2026-09-27 17:52:00,orr_iblur,ok,FRC1,42,42,169,169,1,False,12.92075738312682,77.66533074380487,12.928526460252453,77.68170697094911
2026-09-27T12:22:00Z,2026-09-27 17:52:00,orr_bellandur,ok,FRC1,49,49,51,51,1,False,12.928526460252453,77.68170697094911,12.93191543996225,77.68717197181826
2026-09-27T12:22:00Z,2026-09-27 17:52:00,orr_marathahalli,ok,FRC1,40,40,349,349,1,False,12.969829756831466,77.70065275433024,12.937285233242429,77.69319621326713
2026-09-27T12:22:00Z,2026-09-27 17:52:00,orr_doddanekundi,ok,FRC1,41,41,647,647,1,False,12.94125482917495,77.69626600148536,13.000288982126634,77.68031892778362
2026-09-27T12:22:00Z,2026-09-27 17:52:00,orr_mahadevapura,ok,FRC1,46,46,332,332,1,False,13.000373429575006,77.67881152631685,12.969829756831466,77.70065275433024
2026-09-27T12:22:00Z,2026-09-27 17:52:00,hosur_bommanahalli,ok,FRC1,40,40,58,58,1,False,12.909218593796567,77.62749282122297,12.91427319093241,77.62440291643713
2026-09-27T12:22:00Z,2026-09-27 17:52:00,sarjapur_agara,ok,FRC1,39,39,94,94,1,False,12.917313432684539,77.64083412886617,12.923976051130884,77.64726874829438
2026-09-27T12:22:00Z,2026-09-27 17:52:00,old_airport_konena,ok,FRC2,29,33,1818,1597,1,False,12.956720480405576,77.74534372094678,12.972658179083226,77.61948508620713
2026-09-27T12:22:00Z,2026-09-27 17:52:00,varthur_kundalahalli,ok,FRC2,30,35,1754,1503,1,False,12.972670267685029,77.61953604817847,12.956926979936062,77.74537054303693
2026-09-27T12:37:00Z,2026-09-27 18:07:00,orr_hsr,ok,FRC1,31,42,82,60,1,False,12.917273237323744,77.64092666507719,12.916244577017903,77.63487560153817
2026-09-27T12:37:00Z,2026-09-27 18:07:00,orr_iblur,ok,FRC1,42,42,169,169,1,False,12.92075738312682,77.66533074380487,12.928526460252453,77.68170697094911
2026-09-27T12:37:00Z,2026-09-27 18:07:00,orr_bellandur,ok,FRC1,49,49,51,51,1,False,12.928526460252453,77.68170697094911,12.93191543996225,77.68717197181826
2026-09-27T12:37:00Z,2026-09-27 18:07:00,orr_marathahalli,ok,FRC1,40,40,349,349,1,False,12.969829756831466,77.70065275433024,12.937285233242429,77.69319621326713
2026-09-27T12:37:00Z,2026-09-27 18:07:00,orr_doddanekundi,ok,FRC1,41,41,647,647,1,False,12.94125482917495,77.69626600148536,13.000288982126634,77.68031892778362
2026-09-27T12:37:00Z,2026-09-27 18:07:00,orr_mahadevapura,ok,FRC1,46,46,332,332,1,False,13.000373429575006,77.67881152631685,12.969829756831466,77.70065275433024
2026-09-27T12:37:00Z,2026-09-27 18:07:00,hosur_bommanahalli,ok,FRC1,40,40,58,58,1,False,12.909218593796567,77.62749282122297,12.91427319093241,77.62440291643713
2026-09-27T12:37:00Z,2026-09-27 18:07:00,sarjapur_agara,ok,FRC1,39,39,94,94,1,False,12.917313432684539,77.64083412886617,12.923976051130884,77.64726874829438
2026-09-27T12:37:00Z,2026-09-27 18:07:00,old_airport_konena,ok,FRC2,28,33,1883,1597,1,False,12.956720480405576,77.74534372094678,12.972658179083226,77.61948508620713
2026-09-27T12:37:00Z,2026-09-27 18:07:00,varthur_kundalahalli,ok,FRC2,30,35,1754,1503,1,False,12.972670267685029,77.61953604817847,12.956926979936062,77.74537054303693
2026-09-27T12:52:00Z,2026-09-27 18:22:00,orr_hsr,ok,FRC1,43,43,59,59,1,False,12.917273237323744,77.64092666507719,12.916244577017903,77.63487560153817
2026-09-27T12:52:00Z,2026-09-27 18:22:00,orr_iblur,ok,FRC1,42,42,169,169,1,False,12.92075738312682,77.66533074380487,12.928526460252453,77.68170697094911
2026-09-27T12:52:00Z,2026-09-27 18:22:00,orr_bellandur,ok,FRC1,49,49,51,51,1,False,12.928526460252453,77.68170697094911,12.93191543996225,77.68717197181826
2026-09-27T12:52:00Z,2026-09-27 18:22:00,orr_marathahalli,ok,FRC1,40,40,349,349,1,False,12.969829756831466,77.70065275433024,12.937285233242429,77.69319621326713
2026-09-27T12:52:00Z,2026-09-27 18:22:00,orr_doddanekundi,ok,FRC1,41,41,647,647,1,False,12.94125482917495,77.69626600148536,13.000288982126634,77.68031892778362
2026-09-27T12:52:00Z,2026-09-27 18:22:00,orr_mahadevapura,ok,FRC1,46,46,332,332,1,False,13.000373429575006,77.67881152631685,12.969829756831466,77.70065275433024
2026-09-27T12:52:00Z,2026-09-27 18:22:00,hosur_bommanahalli,ok,FRC1,40,40,58,58,1,False,12.909218593796567,77.62749282122297,12.91427319093241,77.62440291643713
2026-09-27T12:52:00Z,2026-09-27 18:22:00,sarjapur_agara,ok,FRC1,39,39,94,94,1,False,12.917313432684539,77.64083412886617,12.923976051130884,77.64726874829438
2026-09-27T12:52:00Z,2026-09-27 18:22:00,old_airport_konena,ok,FRC2,26,33,2027,1597,1,False,12.956720480405576,77.74534372094678,12.972658179083226,77.61948508620713
2026-09-27T12:52:00Z,2026-09-27 18:22:00,varthur_kundalahalli,ok,FRC2,29,35,1814,1503,1,False,12.972670267685029,77.61953604817847,12.956926979936062,77.74537054303693
2026-09-27T13:07:00Z,2026-09-27 18:37:00,orr_hsr,ok,FRC1,43,43,59,59,1,False,12.917273237323744,77.64092666507719,12.916244577017903,77.63487560153817
2026-09-27T13:07:00Z,2026-09-27 18:37:00,orr_iblur,ok,FRC1,42,42,169,169,1,False,12.92075738312682,77.66533074380487,12.928526460252453,77.68170697094911
2026-09-27T13:07:00Z,2026-09-27 18:37:00,orr_bellandur,ok,FRC1,49,49,51,51,1,False,12.928526460252453,77.68170697094911,12.93191543996225,77.68717197181826
2026-09-27T13:07:00Z,2026-09-27 18:37:00,orr_marathahalli,ok,FRC1,40,40,349,349,1,False,12.969829756831466,77.70065275433024,12.937285233242429,77.69319621326713
2026-09-27T13:07:00Z,2026-09-27 18:37:00,orr_doddanekundi,ok,FRC1,41,41,647,647,1,False,12.94125482917495,77.69626600148536,13.000288982126634,77.68031892778362
2026-09-27T13:07:00Z,2026-09-27 18:37:00,orr_mahadevapura,ok,FRC1,46,46,332,332,1,False,13.000373429575006,77.67881152631685,12.969829756831466,77.70065275433024
2026-09-27T13:07:00Z,2026-09-27 18:37:00,hosur_bommanahalli,ok,FRC1,25,40,94,58,1,False,12.909218593796567,77.62749282122297,12.91427319093241,77.62440291643713
2026-09-27T13:07:00Z,2026-09-27 18:37:00,sarjapur_agara,ok,FRC1,22,37,167,99,1,False,12.917313432684539,77.64083412886617,12.923976051130884,77.64726874829438
2026-09-27T13:07:00Z,2026-09-27 18:37:00,old_airport_konena,ok,FRC2,26,33,2027,1597,1,False,12.956720480405576,77.74534372094678,12.972658179083226,77.61948508620713
2026-09-27T13:07:00Z,2026-09-27 18:37:00,varthur_kundalahalli,ok,FRC2,29,35,1814,1503,1,False,12.972670267685029,77.61953604817847,12.956926979936062,77.74537054303693
2026-09-27T13:22:00Z,2026-09-27 18:52:00,orr_hsr,ok,FRC1,43,43,59,59,1,False,12.917273237323744,77.64092666507719,12.916244577017903,77.63487560153817
2026-09-27T13:22:00Z,2026-09-27 18:52:00,orr_iblur,ok,FRC1,42,42,169,169,1,False,12.92075738312682,77.66533074380487,12.928526460252453,77.68170697094911
2026-09-27T13:22:00Z,2026-09-27 18:52:00,orr_bellandur,ok,FRC1,49,49,51,51,1,False,12.928526460252453,77.68170697094911,12.93191543996225,77.68717197181826
2026-09-27T13:22:00Z,2026-09-27 18:52:00,orr_marathahalli,ok,FRC1,33,39,423,358,1,False,12.969829756831466,77.70065275433024,12.937285233242429,77.69319621326713
2026-09-27T13:22:00Z,2026-09-27 18:52:00,orr_doddanekundi,ok,FRC1,36,42,737,632,1,False,12.94125482917495,77.69626600148536,13.000288982126634,77.68031892778362
2026-09-27T13:22:00Z,2026-09-27 18:52:00,orr_mahadevapura,ok,FRC1,46,46,332,332,1,False,13.000373429575006,77.67881152631685,12.969829756831466,77.70065275433024
2026-09-27T13:22:00Z,2026-09-27 18:52:00,hosur_bommanahalli,ok,FRC1,40,40,58,58,1,False,12.909218593796567,77.62749282122297,12.91427319093241,77.62440291643713
2026-09-27T13:22:00Z,2026-09-27 18:52:00,sarjapur_agara,ok,FRC1,30,38,122,96,1,False,12.917313432684539,77.64083412886617,12.923976051130884,77.64726874829438
2026-09-27T13:22:00Z,2026-09-27 18:52:00,old_airport_konena,ok,FRC2,25,33,2109,1597,1,False,12.956720480405576,77.74534372094678,12.972658179083226,77.61948508620713
2026-09-27T13:22:00Z,2026-09-27 18:52:00,varthur_kundalahalli,ok,FRC2,28,35,1879,1503,1,False,12.972670267685029,77.61953604817847,12.956926979936062,77.74537054303693
2026-09-27T13:37:00Z,2026-09-27 19:07:00,orr_hsr,ok,FRC1,43,43,59,59,1,False,12.917273237323744,77.64092666507719,12.916244577017903,77.63487560153817
2026-09-27T13:37:00Z,2026-09-27 19:07:00,orr_iblur,ok,FRC1,42,42,169,169,1,False,12.92075738312682,77.66533074380487,12.928526460252453,77.68170697094911
2026-09-27T13:37:00Z,2026-09-27 19:07:00,orr_bellandur,ok,FRC1,49,49,51,51,1,False,12.928526460252453,77.68170697094911,12.93191543996225,77.68717197181826
2026-09-27T13:37:00Z,2026-09-27 19:07:00,orr_marathahalli,ok,FRC1,32,39,436,358,1,False,12.969829756831466,77.70065275433024,12.937285233242429,77.69319621326713
2026-09-27T13:37:00Z,2026-09-27 19:07:00,orr_doddanekundi,ok,FRC1,41,41,647,647,1,False,12.94125482917495,77.69626600148536,13.000288982126634,77.68031892778362
2026-09-27T13:37:00Z,2026-09-27 19:07:00,orr_mahadevapura,ok,FRC1,46,46,332,332,1,False,13.000373429575006,77.67881152631685,12.969829756831466,77.70065275433024
2026-09-27T13:37:00Z,2026-09-27 19:07:00,hosur_bommanahalli,ok,FRC1,40,40,58,58,1,False,12.909218593796567,77.62749282122297,12.91427319093241,77.62440291643713
2026-09-27T13:37:00Z,2026-09-27 19:07:00,sarjapur_agara,ok,FRC1,39,39,94,94,1,False,12.917313432684539,77.64083412886617,12.923976051130884,77.64726874829438
2026-09-27T13:37:00Z,2026-09-27 19:07:00,old_airport_konena,ok,FRC2,25,33,2109,1597,1,False,12.956720480405576,77.74534372094678,12.972658179083226,77.61948508620713
2026-09-27T13:37:00Z,2026-09-27 19:07:00,varthur_kundalahalli,ok,FRC2,29,35,1814,1503,1,False,12.972670267685029,77.61953604817847,12.956926979936062,77.74537054303693
2026-09-27T13:52:00Z,2026-09-27 19:22:00,orr_hsr,ok,FRC1,43,43,59,59,1,False,12.917273237323744,77.64092666507719,12.916244577017903,77.63487560153817
2026-09-27T13:52:00Z,2026-09-27 19:22:00,orr_iblur,ok,FRC1,42,42,169,169,1,False,12.92075738312682,77.66533074380487,12.928526460252453,77.68170697094911
2026-09-27T13:52:00Z,2026-09-27 19:22:00,orr_bellandur,ok,FRC1,49,49,51,51,1,False,12.928526460252453,77.68170697094911,12.93191543996225,77.68717197181826
2026-09-27T13:52:00Z,2026-09-27 19:22:00,orr_marathahalli,ok,FRC1,40,40,349,349,1,False,12.969829756831466,77.70065275433024,12.937285233242429,77.69319621326713
2026-09-27T13:52:00Z,2026-09-27 19:22:00,orr_doddanekundi,ok,FRC1,41,41,647,647,1,False,12.94125482917495,77.69626600148536,13.000288982126634,77.68031892778362
2026-09-27T13:52:00Z,2026-09-27 19:22:00,orr_mahadevapura,ok,FRC1,38,46,402,332,1,False,13.000373429575006,77.67881152631685,12.969829756831466,77.70065275433024
2026-09-27T13:52:00Z,2026-09-27 19:22:00,hosur_bommanahalli,ok,FRC1,27,39,87,60,1,False,12.909218593796567,77.62749282122297,12.91427319093241,77.62440291643713
2026-09-27T13:52:00Z,2026-09-27 19:22:00,sarjapur_agara,ok,FRC1,39,39,94,94,1,False,12.917313432684539,77.64083412886617,12.923976051130884,77.64726874829438
2026-09-27T13:52:00Z,2026-09-27 19:22:00,old_airport_konena,ok,FRC2,25,33,2109,1597,1,False,12.956720480405576,77.74534372094678,12.972658179083226,77.61948508620713
2026-09-27T13:52:00Z,2026-09-27 19:22:00,varthur_kundalahalli,ok,FRC2,28,35,1879,1503,1,False,12.972670267685029,77.61953604817847,12.956926979936062,77.74537054303693
2026-09-27T14:07:00Z,2026-09-27 19:37:00,orr_hsr,ok,FRC1,32,42,80,60,1,False,12.917273237323744,77.64092666507719,12.916244577017903,77.63487560153817
2026-09-27T14:07:00Z,2026-09-27 19:37:00,orr_iblur,ok,FRC1,42,42,169,169,1,False,12.92075738312682,77.66533074380487,12.928526460252453,77.68170697094911
2026-09-27T14:07:00Z,2026-09-27 19:37:00,orr_bellandur,ok,FRC1,49,49,51,51,1,False,12.928526460252453,77.68170697094911,12.93191543996225,77.68717197181826
2026-09-27T14:07:00Z,2026-09-27 19:37:00,orr_marathahalli,ok,FRC1,30,40,465,349,1,False,12.969829756831466,77.70065275433024,12.937285233242429,77.69319621326713
2026-09-27T14:07:00Z,2026-09-27 19:37:00,orr_doddanekundi,ok,FRC1,41,41,647,647,1,False,12.94125482917495,77.69626600148536,13.000288982126634,77.68031892778362
2026-09-27T14:07:00Z,2026-09-27 19:37:00,orr_mahadevapura,ok,FRC1,46,46,332,332,1,False,13.000373429575006,77.67881152631685,12.969829756831466,77.70065275433024
2026-09-27T14:07:00Z,2026-09-27 19:37:00,hosur_bommanahalli,ok,FRC1,31,40,75,58,1,False,12.909218593796567,77.62749282122297,12.91427319093241,77.62440291643713
2026-09-27T14:07:00Z,2026-09-27 19:37:00,sarjapur_agara,ok,FRC1,30,39,122,94,1,False,12.917313432684539,77.64083412886617,12.923976051130884,77.64726874829438
2026-09-27T14:07:00Z,2026-09-27 19:37:00,old_airport_konena,ok,FRC2,25,33,2109,1597,1,False,12.956720480405576,77.74534372094678,12.972658179083226,77.61948508620713
2026-09-27T14:07:00Z,2026-09-27 19:37:00,varthur_kundalahalli,ok,FRC2,27,35,1949,1503,1,False,12.972670267685029,77.61953604817847,12.956926979936062,77.74537054303693
2026-09-27T14:22:00Z,2026-09-27 19:52:00,orr_hsr,ok,FRC1,43,43,59,59,1,False,12.917273237323744,77.64092666507719,12.916244577017903,77.63487560153817
2026-09-27T14:22:00Z,2026-09-27 19:52:00,orr_iblur,ok,FRC1,42,42,169,169,1,False,12.92075738312682,77.66533074380487,12.928526460252453,77.68170697094911
2026-09-27T14:22:00Z,2026-09-27 19:52:00,orr_bellandur,ok,FRC1,49,49,51,51,1,False,12.928526460252453,77.68170697094911,12.93191543996225,77.68717197181826
2026-09-27T14:22:00Z,2026-09-27 19:52:00,orr_marathahalli,ok,FRC1,29,39,481,358,1,False,12.969829756831466,77.70065275433024,12.937285233242429,77.69319621326713
2026-09-27T14:22:00Z,2026-09-27 19:52:00,orr_doddanekundi,ok,FRC1,36,41,737,647,1,False,12.94125482917495,77.69626600148536,13.000288982126634,77.68031892778362
2026-09-27T14:22:00Z,2026-09-27 19:52:00,orr_mahadevapura,ok,FRC1,46,46,332,332,1,False,13.000373429575006,77.67881152631685,12.969829756831466,77.70065275433024
2026-09-27T14:22:00Z,2026-09-27 19:52:00,hosur_bommanahalli,ok,FRC1,27,39,87,60,1,False,12.909218593796567,77.62749282122297,12.91427319093241,77.62440291643713
2026-09-27T14:22:00Z,2026-09-27 19:52:00,sarjapur_agara,ok,FRC1,28,39,131,94,1,False,12.917313432684539,77.64083412886617,12.923976051130884,77.64726874829438
2026-09-27T14:22:00Z,2026-09-27 19:52:00,old_airport_konena,ok,FRC2,25,33,2109,1597,1,False,12.956720480405576,77.74534372094678,12.972658179083226,77.61948508620713
2026-09-27T14:22:00Z,2026-09-27 19:52:00,varthur_kundalahalli,ok,FRC2,27,36,1949,1461,1,False,12.972670267685029,77.61953604817847,12.956926979936062,77.74537054303693
2026-09-27T14:37:00Z,2026-09-27 20:07:00,orr_hsr,ok,FRC1,43,43,59,59,1,False,12.917273237323744,77.64092666507719,12.916244577017903,77.63487560153817
2026-09-27T14:37:00Z,2026-09-27 20:07:00,orr_iblur,ok,FRC1,36,43,197,165,1,False,12.92075738312682,77.66533074380487,12.928526460252453,77.68170697094911
2026-09-27T14:37:00Z,2026-09-27 20:07:00,orr_bellandur,ok,FRC1,49,49,51,51,1,False,12.928526460252453,77.68170697094911,12.93191543996225,77.68717197181826
2026-09-27T14:37:00Z,2026-09-27 20:07:00,orr_marathahalli,ok,FRC1,40,40,349,349,1,False,12.969829756831466,77.70065275433024,12.937285233242429,77.69319621326713
2026-09-27T14:37:00Z,2026-09-27 20:07:00,orr_doddanekundi,ok,FRC1,36,41,737,647,1,False,12.94125482917495,77.69626600148536,13.000288982126634,77.68031892778362
2026-09-27T14:37:00Z,2026-09-27 20:07:00,orr_mahadevapura,ok,FRC1,46,46,332,332,1,False,13.000373429575006,77.67881152631685,12.969829756831466,77.70065275433024
2026-09-27T14:37:00Z,2026-09-27 20:07:00,hosur_bommanahalli,ok,FRC1,40,40,58,58,1,False,12.909218593796567,77.62749282122297,12.91427319093241,77.62440291643713
2026-09-27T14:37:00Z,2026-09-27 20:07:00,sarjapur_agara,ok,FRC1,28,39,131,94,1,False,12.917313432684539,77.64083412886617,12.923976051130884,77.64726874829438
2026-09-27T14:37:00Z,2026-09-27 20:07:00,old_airport_konena,ok,FRC2,26,33,2027,1597,1,False,12.956720480405576,77.74534372094678,12.972658179083226,77.61948508620713
2026-09-27T14:37:00Z,2026-09-27 20:07:00,varthur_kundalahalli,ok,FRC2,29,35,1814,1503,1,False,12.972670267685029,77.61953604817847,12.956926979936062,77.74537054303693
2026-09-27T14:52:01Z,2026-09-27 20:22:01,orr_hsr,ok,FRC1,43,43,59,59,1,False,12.917273237323744,77.64092666507719,12.916244577017903,77.63487560153817
2026-09-27T14:52:01Z,2026-09-27 20:22:01,orr_iblur,ok,FRC1,42,42,169,169,1,False,12.92075738312682,77.66533074380487,12.928526460252453,77.68170697094911
2026-09-27T14:52:01Z,2026-09-27 20:22:01,orr_bellandur,ok,FRC1,49,49,51,51,1,False,12.928526460252453,77.68170697094911,12.93191543996225,77.68717197181826
2026-09-27T14:52:01Z,2026-09-27 20:22:01,orr_marathahalli,ok,FRC1,33,40,423,349,1,False,12.969829756831466,77.70065275433024,12.937285233242429,77.69319621326713
2026-09-27T14:52:01Z,2026-09-27 20:22:01,orr_doddanekundi,ok,FRC1,35,41,758,647,1,False,12.94125482917495,77.69626600148536,13.000288982126634,77.68031892778362
2026-09-27T14:52:01Z,2026-09-27 20:22:01,orr_mahadevapura,ok,FRC1,46,46,332,332,1,False,13.000373429575006,77.67881152631685,12.969829756831466,77.70065275433024
2026-09-27T14:52:01Z,2026-09-27 20:22:01,hosur_bommanahalli,ok,FRC1,40,40,58,58,1,False,12.909218593796567,77.62749282122297,12.91427319093241,77.62440291643713
2026-09-27T14:52:01Z,2026-09-27 20:22:01,sarjapur_agara,ok,FRC1,30,39,122,94,1,False,12.917313432684539,77.64083412886617,12.923976051130884,77.64726874829438
2026-09-27T14:52:01Z,2026-09-27 20:22:01,old_airport_konena,ok,FRC2,26,33,2027,1597,1,False,12.956720480405576,77.74534372094678,12.972658179083226,77.61948508620713
2026-09-27T14:52:01Z,2026-09-27 20:22:01,varthur_kundalahalli,ok,FRC2,28,35,1879,1503,1,False,12.972670267685029,77.61953604817847,12.956926979936062,77.74537054303693
2026-09-27T15:07:00Z,2026-09-27 20:37:00,orr_hsr,ok,FRC1,43,43,59,59,1,False,12.917273237323744,77.64092666507719,12.916244577017903,77.63487560153817
2026-09-27T15:07:00Z,2026-09-27 20:37:00,orr_iblur,ok,FRC1,42,42,169,169,1,False,12.92075738312682,77.66533074380487,12.928526460252453,77.68170697094911
2026-09-27T15:07:00Z,2026-09-27 20:37:00,orr_bellandur,ok,FRC1,49,49,51,51,1,False,12.928526460252453,77.68170697094911,12.93191543996225,77.68717197181826
2026-09-27T15:07:00Z,2026-09-27 20:37:00,orr_marathahalli,ok,FRC1,34,40,411,349,1,False,12.969829756831466,77.70065275433024,12.937285233242429,77.69319621326713
2026-09-27T15:07:00Z,2026-09-27 20:37:00,orr_doddanekundi,ok,FRC1,41,41,647,647,1,False,12.94125482917495,77.69626600148536,13.000288982126634,77.68031892778362
2026-09-27T15:07:00Z,2026-09-27 20:37:00,orr_mahadevapura,ok,FRC1,46,46,332,332,1,False,13.000373429575006,77.67881152631685,12.969829756831466,77.70065275433024
2026-09-27T15:07:00Z,2026-09-27 20:37:00,hosur_bommanahalli,ok,FRC1,30,39,78,60,1,False,12.909218593796567,77.62749282122297,12.91427319093241,77.62440291643713
2026-09-27T15:07:00Z,2026-09-27 20:37:00,sarjapur_agara,ok,FRC1,31,38,118,96,1,False,12.917313432684539,77.64083412886617,12.923976051130884,77.64726874829438
2026-09-27T15:07:00Z,2026-09-27 20:37:00,old_airport_konena,ok,FRC2,28,33,1883,1597,1,False,12.956720480405576,77.74534372094678,12.972658179083226,77.61948508620713
2026-09-27T15:07:00Z,2026-09-27 20:37:00,varthur_kundalahalli,ok,FRC2,29,36,1814,1461,1,False,12.972670267685029,77.61953604817847,12.956926979936062,77.74537054303693
2026-09-27T15:22:00Z,2026-09-27 20:52:00,orr_hsr,ok,FRC1,43,43,59,59,1,False,12.917273237323744,77.64092666507719,12.916244577017903,77.63487560153817
2026-09-27T15:22:00Z,2026-09-27 20:52:00,orr_iblur,ok,FRC1,42,42,169,169,1,False,12.92075738312682,77.66533074380487,12.928526460252453,77.68170697094911
2026-09-27T15:22:00Z,2026-09-27 20:52:00,orr_bellandur,ok,FRC1,49,49,51,51,1,False,12.928526460252453,77.68170697094911,12.93191543996225,77.68717197181826
2026-09-27T15:22:00Z,2026-09-27 20:52:00,orr_marathahalli,ok,FRC1,33,39,423,358,1,False,12.969829756831466,77.70065275433024,12.937285233242429,77.69319621326713
2026-09-27T15:22:00Z,2026-09-27 20:52:00,orr_doddanekundi,ok,FRC1,37,41,717,647,1,False,12.94125482917495,77.69626600148536,13.000288982126634,77.68031892778362
2026-09-27T15:22:00Z,2026-09-27 20:52:00,orr_mahadevapura,ok,FRC1,46,46,332,332,1,False,13.000373429575006,77.67881152631685,12.969829756831466,77.70065275433024
2026-09-27T15:22:00Z,2026-09-27 20:52:00,hosur_bommanahalli,ok,FRC1,30,39,78,60,1,False,12.909218593796567,77.62749282122297,12.91427319093241,77.62440291643713
2026-09-27T15:22:00Z,2026-09-27 20:52:00,sarjapur_agara,ok,FRC1,39,39,94,94,1,False,12.917313432684539,77.64083412886617,12.923976051130884,77.64726874829438
2026-09-27T15:22:00Z,2026-09-27 20:52:00,old_airport_konena,ok,FRC2,27,32,1952,1647,1,False,12.956720480405576,77.74534372094678,12.972658179083226,77.61948508620713
2026-09-27T15:22:00Z,2026-09-27 20:52:00,varthur_kundalahalli,ok,FRC2,30,35,1754,1503,1,False,12.972670267685029,77.61953604817847,12.956926979936062,77.74537054303693
2026-09-27T15:37:00Z,2026-09-27 21:07:00,orr_hsr,ok,FRC1,43,43,59,59,1,False,12.917273237323744,77.64092666507719,12.916244577017903,77.63487560153817
2026-09-27T15:37:00Z,2026-09-27 21:07:00,orr_iblur,ok,FRC1,42,42,169,169,1,False,12.92075738312682,77.66533074380487,12.928526460252453,77.68170697094911
2026-09-27T15:37:00Z,2026-09-27 21:07:00,orr_bellandur,ok,FRC1,49,49,51,51,1,False,12.928526460252453,77.68170697094911,12.93191543996225,77.68717197181826
2026-09-27T15:37:00Z,2026-09-27 21:07:00,orr_marathahalli,ok,FRC1,40,40,349,349,1,False,12.969829756831466,77.70065275433024,12.937285233242429,77.69319621326713
2026-09-27T15:37:00Z,2026-09-27 21:07:00,orr_doddanekundi,ok,FRC1,41,41,647,647,1,False,12.94125482917495,77.69626600148536,13.000288982126634,77.68031892778362
2026-09-27T15:37:00Z,2026-09-27 21:07:00,orr_mahadevapura,ok,FRC1,46,46,332,332,1,False,13.000373429575006,77.67881152631685,12.969829756831466,77.70065275433024
2026-09-27T15:37:00Z,2026-09-27 21:07:00,hosur_bommanahalli,ok,FRC1,31,39,75,60,1,False,12.909218593796567,77.62749282122297,12.91427319093241,77.62440291643713
2026-09-27T15:37:00Z,2026-09-27 21:07:00,sarjapur_agara,ok,FRC1,39,39,94,94,1,False,12.917313432684539,77.64083412886617,12.923976051130884,77.64726874829438
2026-09-27T15:37:00Z,2026-09-27 21:07:00,old_airport_konena,ok,FRC2,33,33,1597,1597,1,False,12.956720480405576,77.74534372094678,12.972658179083226,77.61948508620713
2026-09-27T15:37:00Z,2026-09-27 21:07:00,varthur_kundalahalli,ok,FRC2,30,35,1754,1503,1,False,12.972670267685029,77.61953604817847,12.956926979936062,77.74537054303693
2026-09-27T15:52:00Z,2026-09-27 21:22:00,orr_hsr,ok,FRC1,29,42,88,60,1,False,12.917273237323744,77.64092666507719,12.916244577017903,77.63487560153817
2026-09-27T15:52:00Z,2026-09-27 21:22:00,orr_iblur,ok,FRC1,36,43,197,165,1,False,12.92075738312682,77.66533074380487,12.928526460252453,77.68170697094911
2026-09-27T15:52:00Z,2026-09-27 21:22:00,orr_bellandur,ok,FRC1,49,49,51,51,1,False,12.928526460252453,77.68170697094911,12.93191543996225,77.68717197181826
2026-09-27T15:52:00Z,2026-09-27 21:22:00,orr_marathahalli,ok,FRC1,34,39,411,358,1,False,12.969829756831466,77.70065275433024,12.937285233242429,77.69319621326713
2026-09-27T15:52:00Z,2026-09-27 21:22:00,orr_doddanekundi,ok,FRC1,41,41,647,647,1,False,12.94125482917495,77.69626600148536,13.000288982126634,77.68031892778362
2026-09-27T15:52:00Z,2026-09-27 21:22:00,orr_mahadevapura,ok,FRC1,46,46,332,332,1,False,13.000373429575006,77.67881152631685,12.969829756831466,77.70065275433024
2026-09-27T15:52:00Z,2026-09-27 21:22:00,hosur_bommanahalli,ok,FRC1,33,39,71,60,1,False,12.909218593796567,77.62749282122297,12.91427319093241,77.62440291643713
2026-09-27T15:52:00Z,2026-09-27 21:22:00,sarjapur_agara,ok,FRC1,39,39,94,94,1,False,12.917313432684539,77.64083412886617,12.923976051130884,77.64726874829438
2026-09-27T15:52:00Z,2026-09-27 21:22:00,old_airport_konena,ok,FRC2,28,32,1883,1647,1,False,12.956720480405576,77.74534372094678,12.972658179083226,77.61948508620713
2026-09-27T15:52:00Z,2026-09-27 21:22:00,varthur_kundalahalli,ok,FRC2,31,35,1697,1503,1,False,12.972670267685029,77.61953604817847,12.956926979936062,77.74537054303693
2026-09-27T21:37:00Z,2026-09-28 03:07:00,orr_hsr,ok,FRC1,43,43,59,59,1,False,12.917273237323744,77.64092666507719,12.916244577017903,77.63487560153817
2026-09-27T21:37:00Z,2026-09-28 03:07:00,orr_iblur,ok,FRC1,42,42,169,169,1,False,12.92075738312682,77.66533074380487,12.928526460252453,77.68170697094911
2026-09-27T21:37:00Z,2026-09-28 03:07:00,orr_bellandur,ok,FRC1,49,49,51,51,1,False,12.928526460252453,77.68170697094911,12.93191543996225,77.68717197181826
2026-09-27T21:37:00Z,2026-09-28 03:07:00,orr_marathahalli,ok,FRC1,40,40,349,349,1,False,12.969829756831466,77.70065275433024,12.937285233242429,77.69319621326713
2026-09-27T21:37:00Z,2026-09-28 03:07:00,orr_doddanekundi,ok,FRC1,41,41,647,647,1,False,12.94125482917495,77.69626600148536,13.000288982126634,77.68031892778362
2026-09-27T21:37:00Z,2026-09-28 03:07:00,orr_mahadevapura,ok,FRC1,46,46,332,332,1,False,13.000373429575006,77.67881152631685,12.969829756831466,77.70065275433024
2026-09-27T21:37:00Z,2026-09-28 03:07:00,hosur_bommanahalli,ok,FRC1,40,40,58,58,1,False,12.909218593796567,77.62749282122297,12.91427319093241,77.62440291643713
2026-09-27T21:37:00Z,2026-09-28 03:07:00,sarjapur_agara,ok,FRC1,39,39,94,94,1,False,12.917313432684539,77.64083412886617,12.923976051130884,77.64726874829438
2026-09-27T21:37:00Z,2026-09-28 03:07:00,old_airport_konena,ok,FRC2,33,33,1597,1597,1,False,12.956720480405576,77.74534372094678,12.972658179083226,77.61948508620713
2026-09-27T21:37:00Z,2026-09-28 03:07:00,varthur_kundalahalli,ok,FRC2,35,35,1503,1503,1,False,12.972670267685029,77.61953604817847,12.956926979936062,77.74537054303693
2026-09-27T22:37:00Z,2026-09-28 04:07:00,orr_hsr,ok,FRC1,43,43,59,59,1,False,12.917273237323744,77.64092666507719,12.916244577017903,77.63487560153817
2026-09-27T22:37:00Z,2026-09-28 04:07:00,orr_iblur,ok,FRC1,42,42,169,169,1,False,12.92075738312682,77.66533074380487,12.928526460252453,77.68170697094911
2026-09-27T22:37:00Z,2026-09-28 04:07:00,orr_bellandur,ok,FRC1,49,49,51,51,1,False,12.928526460252453,77.68170697094911,12.93191543996225,77.68717197181826
2026-09-27T22:37:00Z,2026-09-28 04:07:00,orr_marathahalli,ok,FRC1,40,40,349,349,1,False,12.969829756831466,77.70065275433024,12.937285233242429,77.69319621326713
2026-09-27T22:37:00Z,2026-09-28 04:07:00,orr_doddanekundi,ok,FRC1,41,41,647,647,1,False,12.94125482917495,77.69626600148536,13.000288982126634,77.68031892778362
2026-09-27T22:37:00Z,2026-09-28 04:07:00,orr_mahadevapura,ok,FRC1,46,46,332,332,1,False,13.000373429575006,77.67881152631685,12.969829756831466,77.70065275433024
2026-09-27T22:37:00Z,2026-09-28 04:07:00,hosur_bommanahalli,ok,FRC1,40,40,58,58,1,False,12.909218593796567,77.62749282122297,12.91427319093241,77.62440291643713
2026-09-27T22:37:00Z,2026-09-28 04:07:00,sarjapur_agara,ok,FRC1,39,39,94,94,1,False,12.917313432684539,77.64083412886617,12.923976051130884,77.64726874829438
2026-09-27T22:37:00Z,2026-09-28 04:07:00,old_airport_konena,ok,FRC2,33,33,1597,1597,1,False,12.956720480405576,77.74534372094678,12.972658179083226,77.61948508620713
2026-09-27T22:37:00Z,2026-09-28 04:07:00,varthur_kundalahalli,ok,FRC2,35,35,1503,1503,1,False,12.972670267685029,77.61953604817847,12.956926979936062,77.74537054303693
2026-09-27T23:37:00Z,2026-09-28 05:07:00,orr_hsr,ok,FRC1,43,43,59,59,1,False,12.917273237323744,77.64092666507719,12.916244577017903,77.63487560153817
2026-09-27T23:37:00Z,2026-09-28 05:07:00,orr_iblur,ok,FRC1,42,42,169,169,1,False,12.92075738312682,77.66533074380487,12.928526460252453,77.68170697094911
2026-09-27T23:37:00Z,2026-09-28 05:07:00,orr_bellandur,ok,FRC1,49,49,51,51,1,False,12.928526460252453,77.68170697094911,12.93191543996225,77.68717197181826
2026-09-27T23:37:00Z,2026-09-28 05:07:00,orr_marathahalli,ok,FRC1,40,40,349,349,1,False,12.969829756831466,77.70065275433024,12.937285233242429,77.69319621326713
2026-09-27T23:37:00Z,2026-09-28 05:07:00,orr_doddanekundi,ok,FRC1,41,41,647,647,1,False,12.94125482917495,77.69626600148536,13.000288982126634,77.68031892778362
2026-09-27T23:37:00Z,2026-09-28 05:07:00,orr_mahadevapura,ok,FRC1,46,46,332,332,1,False,13.000373429575006,77.67881152631685,12.969829756831466,77.70065275433024
2026-09-27T23:37:00Z,2026-09-28 05:07:00,hosur_bommanahalli,ok,FRC1,40,40,58,58,1,False,12.909218593796567,77.62749282122297,12.91427319093241,77.62440291643713
2026-09-27T23:37:00Z,2026-09-28 05:07:00,sarjapur_agara,ok,FRC1,39,39,94,94,1,False,12.917313432684539,77.64083412886617,12.923976051130884,77.64726874829438
2026-09-27T23:37:00Z,2026-09-28 05:07:00,old_airport_konena,ok,FRC2,33,33,1597,1597,1,False,12.956720480405576,77.74534372094678,12.972658179083226,77.61948508620713
2026-09-27T23:37:00Z,2026-09-28 05:07:00,varthur_kundalahalli,ok,FRC2,35,35,1503,1503,1,False,12.972670267685029,77.61953604817847,12.956926979936062,77.74537054303693
2026-09-28T00:37:00Z,2026-09-28 06:07:00,orr_hsr,ok,FRC1,43,43,59,59,1,False,12.917273237323744,77.64092666507719,12.916244577017903,77.63487560153817
2026-09-28T00:37:00Z,2026-09-28 06:07:00,orr_iblur,ok,FRC1,42,42,169,169,1,False,12.92075738312682,77.66533074380487,12.928526460252453,77.68170697094911
2026-09-28T00:37:00Z,2026-09-28 06:07:00,orr_bellandur,ok,FRC1,49,49,51,51,1,False,12.928526460252453,77.68170697094911,12.93191543996225,77.68717197181826
2026-09-28T00:37:00Z,2026-09-28 06:07:00,orr_marathahalli,ok,FRC1,40,40,349,349,1,False,12.969829756831466,77.70065275433024,12.937285233242429,77.69319621326713
2026-09-28T00:37:00Z,2026-09-28 06:07:00,orr_doddanekundi,ok,FRC1,41,41,647,647,1,False,12.94125482917495,77.69626600148536,13.000288982126634,77.68031892778362
2026-09-28T00:37:00Z,2026-09-28 06:07:00,orr_mahadevapura,ok,FRC1,46,46,332,332,1,False,13.000373429575006,77.67881152631685,12.969829756831466,77.70065275433024
2026-09-28T00:37:00Z,2026-09-28 06:07:00,hosur_bommanahalli,ok,FRC1,27,39,87,60,1,False,12.909218593796567,77.62749282122297,12.91427319093241,77.62440291643713
2026-09-28T00:37:00Z,2026-09-28 06:07:00,sarjapur_agara,ok,FRC1,39,39,94,94,1,False,12.917313432684539,77.64083412886617,12.923976051130884,77.64726874829438
2026-09-28T00:37:00Z,2026-09-28 06:07:00,old_airport_konena,ok,FRC2,33,33,1597,1597,1,False,12.956720480405576,77.74534372094678,12.972658179083226,77.61948508620713
2026-09-28T00:37:00Z,2026-09-28 06:07:00,varthur_kundalahalli,ok,FRC2,35,35,1503,1503,1,False,12.972670267685029,77.61953604817847,12.956926979936062,77.74537054303693
2026-09-28T01:37:00Z,2026-09-28 07:07:00,orr_hsr,ok,FRC1,43,43,59,59,1,False,12.917273237323744,77.64092666507719,12.916244577017903,77.63487560153817
2026-09-28T01:37:00Z,2026-09-28 07:07:00,orr_iblur,ok,FRC1,35,43,203,165,1,False,12.92075738312682,77.66533074380487,12.928526460252453,77.68170697094911
2026-09-28T01:37:00Z,2026-09-28 07:07:00,orr_bellandur,ok,FRC1,49,49,51,51,1,False,12.928526460252453,77.68170697094911,12.93191543996225,77.68717197181826
2026-09-28T01:37:00Z,2026-09-28 07:07:00,orr_marathahalli,ok,FRC1,40,40,349,349,1,False,12.969829756831466,77.70065275433024,12.937285233242429,77.69319621326713
2026-09-28T01:37:00Z,2026-09-28 07:07:00,orr_doddanekundi,ok,FRC1,41,41,647,647,1,False,12.94125482917495,77.69626600148536,13.000288982126634,77.68031892778362
2026-09-28T01:37:00Z,2026-09-28 07:07:00,orr_mahadevapura,ok,FRC1,46,46,332,332,1,False,13.000373429575006,77.67881152631685,12.969829756831466,77.70065275433024
2026-09-28T01:37:00Z,2026-09-28 07:07:00,hosur_bommanahalli,ok,FRC1,40,40,58,58,1,False,12.909218593796567,77.62749282122297,12.91427319093241,77.62440291643713
2026-09-28T01:37:00Z,2026-09-28 07:07:00,sarjapur_agara,ok,FRC1,39,39,94,94,1,False,12.917313432684539,77.64083412886617,12.923976051130884,77.64726874829438
2026-09-28T01:37:00Z,2026-09-28 07:07:00,old_airport_konena,ok,FRC2,33,33,1597,1597,1,False,12.956720480405576,77.74534372094678,12.972658179083226,77.61948508620713
2026-09-28T01:37:00Z,2026-09-28 07:07:00,varthur_kundalahalli,ok,FRC2,35,35,1503,1503,1,False,12.972670267685029,77.61953604817847,12.956926979936062,77.74537054303693
2026-09-28T01:52:00Z,2026-09-28 07:22:00,orr_hsr,ok,FRC1,43,43,59,59,1,False,12.917273237323744,77.64092666507719,12.916244577017903,77.63487560153817
2026-09-28T01:52:00Z,2026-09-28 07:22:00,orr_iblur,ok,FRC1,42,42,169,169,1,False,12.92075738312682,77.66533074380487,12.928526460252453,77.68170697094911
2026-09-28T01:52:00Z,2026-09-28 07:22:00,orr_bellandur,ok,FRC1,49,49,51,51,1,False,12.928526460252453,77.68170697094911,12.93191543996225,77.68717197181826
2026-09-28T01:52:00Z,2026-09-28 07:22:00,orr_marathahalli,ok,FRC1,40,40,349,349,1,False,12.969829756831466,77.70065275433024,12.937285233242429,77.69319621326713
2026-09-28T01:52:00Z,2026-09-28 07:22:00,orr_doddanekundi,ok,FRC1,41,41,647,647,1,False,12.94125482917495,77.69626600148536,13.000288982126634,77.68031892778362
2026-09-28T01:52:00Z,2026-09-28 07:22:00,orr_mahadevapura,ok,FRC1,46,46,332,332,1,False,13.000373429575006,77.67881152631685,12.969829756831466,77.70065275433024
2026-09-28T01:52:00Z,2026-09-28 07:22:00,hosur_bommanahalli,ok,FRC1,40,40,58,58,1,False,12.909218593796567,77.62749282122297,12.91427319093241,77.62440291643713
2026-09-28T01:52:00Z,2026-09-28 07:22:00,sarjapur_agara,ok,FRC1,33,39,111,94,1,False,12.917313432684539,77.64083412886617,12.923976051130884,77.64726874829438
2026-09-28T01:52:00Z,2026-09-28 07:22:00,old_airport_konena,ok,FRC2,29,33,1818,1597,1,False,12.956720480405576,77.74534372094678,12.972658179083226,77.61948508620713
2026-09-28T01:52:00Z,2026-09-28 07:22:00,varthur_kundalahalli,ok,FRC2,35,35,1503,1503,1,False,12.972670267685029,77.61953604817847,12.956926979936062,77.74537054303693
2026-09-28T02:07:00Z,2026-09-28 07:37:00,orr_hsr,ok,FRC1,43,43,59,59,1,False,12.917273237323744,77.64092666507719,12.916244577017903,77.63487560153817
2026-09-28T02:07:00Z,2026-09-28 07:37:00,orr_iblur,ok,FRC1,25,43,284,165,1,False,12.92075738312682,77.66533074380487,12.928526460252453,77.68170697094911
2026-09-28T02:07:00Z,2026-09-28 07:37:00,orr_bellandur,ok,FRC1,49,49,51,51,1,False,12.928526460252453,77.68170697094911,12.93191543996225,77.68717197181826
2026-09-28T02:07:00Z,2026-09-28 07:37:00,orr_marathahalli,ok,FRC1,32,40,436,349,1,False,12.969829756831466,77.70065275433024,12.937285233242429,77.69319621326713
2026-09-28T02:07:00Z,2026-09-28 07:37:00,orr_doddanekundi,ok,FRC1,41,41,647,647,1,False,12.94125482917495,77.69626600148536,13.000288982126634,77.68031892778362
2026-09-28T02:07:00Z,2026-09-28 07:37:00,orr_mahadevapura,ok,FRC1,36,46,424,332,1,False,13.000373429575006,77.67881152631685,12.969829756831466,77.70065275433024
2026-09-28T02:07:00Z,2026-09-28 07:37:00,hosur_bommanahalli,ok,FRC1,40,40,58,58,1,False,12.909218593796567,77.62749282122297,12.91427319093241,77.62440291643713
2026-09-28T02:07:00Z,2026-09-28 07:37:00,sarjapur_agara,ok,FRC1,39,39,94,94,1,False,12.917313432684539,77.64083412886617,12.923976051130884,77.64726874829438
2026-09-28T02:07:00Z,2026-09-28 07:37:00,old_airport_konena,ok,FRC2,28,33,1883,1597,1,False,12.956720480405576,77.74534372094678,12.972658179083226,77.61948508620713
2026-09-28T02:07:00Z,2026-09-28 07:37:00,varthur_kundalahalli,ok,FRC2,30,35,1754,1503,1,False,12.972670267685029,77.61953604817847,12.956926979936062,77.74537054303693
2026-09-28T02:22:00Z,2026-09-28 07:52:00,orr_hsr,ok,FRC1,43,43,59,59,1,False,12.917273237323744,77.64092666507719,12.916244577017903,77.63487560153817
2026-09-28T02:22:00Z,2026-09-28 07:52:00,orr_iblur,ok,FRC1,25,43,284,165,1,False,12.92075738312682,77.66533074380487,12.928526460252453,77.68170697094911
2026-09-28T02:22:00Z,2026-09-28 07:52:00,orr_bellandur,ok,FRC1,49,49,51,51,1,False,12.928526460252453,77.68170697094911,12.93191543996225,77.68717197181826
2026-09-28T02:22:00Z,2026-09-28 07:52:00,orr_marathahalli,ok,FRC1,31,39,450,358,1,False,12.969829756831466,77.70065275433024,12.937285233242429,77.69319621326713
2026-09-28T02:22:00Z,2026-09-28 07:52:00,orr_doddanekundi,ok,FRC1,41,41,647,647,1,False,12.94125482917495,77.69626600148536,13.000288982126634,77.68031892778362
2026-09-28T02:22:00Z,2026-09-28 07:52:00,orr_mahadevapura,ok,FRC1,31,46,493,332,1,False,13.000373429575006,77.67881152631685,12.969829756831466,77.70065275433024
2026-09-28T02:22:00Z,2026-09-28 07:52:00,hosur_bommanahalli,ok,FRC1,25,40,94,58,1,False,12.909218593796567,77.62749282122297,12.91427319093241,77.62440291643713
2026-09-28T02:22:00Z,2026-09-28 07:52:00,sarjapur_agara,ok,FRC1,13,39,283,94,1,False,12.917313432684539,77.64083412886617,12.923976051130884,77.64726874829438
2026-09-28T02:22:00Z,2026-09-28 07:52:00,old_airport_konena,ok,FRC2,26,33,2027,1597,1,False,12.956720480405576,77.74534372094678,12.972658179083226,77.61948508620713
2026-09-28T02:22:00Z,2026-09-28 07:52:00,varthur_kundalahalli,ok,FRC2,30,35,1754,1503,1,False,12.972670267685029,77.61953604817847,12.956926979936062,77.74537054303693
2026-09-28T02:37:01Z,2026-09-28 08:07:01,orr_hsr,ok,FRC1,33,42,77,60,1,False,12.917273237323744,77.64092666507719,12.916244577017903,77.63487560153817
2026-09-28T02:37:01Z,2026-09-28 08:07:01,orr_iblur,ok,FRC1,16,43,444,165,1,False,12.92075738312682,77.66533074380487,12.928526460252453,77.68170697094911
2026-09-28T02:37:01Z,2026-09-28 08:07:01,orr_bellandur,ok,FRC1,17,49,149,51,1,False,12.928526460252453,77.68170697094911,12.93191543996225,77.68717197181826
2026-09-28T02:37:01Z,2026-09-28 08:07:01,orr_marathahalli,ok,FRC1,28,39,499,358,1,False,12.969829756831466,77.70065275433024,12.937285233242429,77.69319621326713
2026-09-28T02:37:01Z,2026-09-28 08:07:01,orr_doddanekundi,ok,FRC1,38,42,698,632,1,False,12.94125482917495,77.69626600148536,13.000288982126634,77.68031892778362
2026-09-28T02:37:01Z,2026-09-28 08:07:01,orr_mahadevapura,ok,FRC1,26,45,588,339,1,False,13.000373429575006,77.67881152631685,12.969829756831466,77.70065275433024
2026-09-28T02:37:01Z,2026-09-28 08:07:01,hosur_bommanahalli,ok,FRC1,27,39,87,60,1,False,12.909218593796567,77.62749282122297,12.91427319093241,77.62440291643713
2026-09-28T02:37:01Z,2026-09-28 08:07:01,sarjapur_agara,ok,FRC1,7,40,526,92,1,False,12.917313432684539,77.64083412886617,12.923976051130884,77.64726874829438
2026-09-28T02:37:01Z,2026-09-28 08:07:01,old_airport_konena,ok,FRC2,26,32,2027,1647,1,False,12.956720480405576,77.74534372094678,12.972658179083226,77.61948508620713
2026-09-28T02:37:01Z,2026-09-28 08:07:01,varthur_kundalahalli,ok,FRC2,30,35,1754,1503,1,False,12.972670267685029,77.61953604817847,12.956926979936062,77.74537054303693
2026-09-28T02:52:00Z,2026-09-28 08:22:00,orr_hsr,ok,FRC1,43,43,59,59,1,False,12.917273237323744,77.64092666507719,12.916244577017903,77.63487560153817
2026-09-28T02:52:00Z,2026-09-28 08:22:00,orr_iblur,ok,FRC1,7,44,1015,161,1,False,12.92075738312682,77.66533074380487,12.928526460252453,77.68170697094911
2026-09-28T02:52:00Z,2026-09-28 08:22:00,orr_bellandur,ok,FRC1,30,49,84,51,1,False,12.928526460252453,77.68170697094911,12.93191543996225,77.68717197181826
2026-09-28T02:52:00Z,2026-09-28 08:22:00,orr_marathahalli,ok,FRC1,27,40,517,349,1,False,12.969829756831466,77.70065275433024,12.937285233242429,77.69319621326713
2026-09-28T02:52:00Z,2026-09-28 08:22:00,orr_doddanekundi,ok,FRC1,37,41,717,647,1,False,12.94125482917495,77.69626600148536,13.000288982126634,77.68031892778362
2026-09-28T02:52:00Z,2026-09-28 08:22:00,orr_mahadevapura,ok,FRC1,23,45,665,339,1,False,13.000373429575006,77.67881152631685,12.969829756831466,77.70065275433024
2026-09-28T02:52:00Z,2026-09-28 08:22:00,hosur_bommanahalli,ok,FRC1,32,38,73,61,1,False,12.909218593796567,77.62749282122297,12.91427319093241,77.62440291643713
2026-09-28T02:52:00Z,2026-09-28 08:22:00,sarjapur_agara,ok,FRC1,6,39,614,94,1,False,12.917313432684539,77.64083412886617,12.923976051130884,77.64726874829438
2026-09-28T02:52:00Z,2026-09-28 08:22:00,old_airport_konena,ok,FRC2,24,33,2196,1597,1,False,12.956720480405576,77.74534372094678,12.972658179083226,77.61948508620713
2026-09-28T02:52:00Z,2026-09-28 08:22:00,varthur_kundalahalli,ok,FRC2,29,35,1814,1503,1,False,12.972670267685029,77.61953604817847,12.956926979936062,77.74537054303693
2026-09-28T03:07:00Z,2026-09-28 08:37:00,orr_hsr,ok,FRC1,43,43,59,59,1,False,12.917273237323744,77.64092666507719,12.916244577017903,77.63487560153817
2026-09-28T03:07:00Z,2026-09-28 08:37:00,orr_iblur,ok,FRC1,16,42,444,169,1,False,12.92075738312682,77.66533074380487,12.928526460252453,77.68170697094911
2026-09-28T03:07:00Z,2026-09-28 08:37:00,orr_bellandur,ok,FRC1,24,48,106,53,1,False,12.928526460252453,77.68170697094911,12.93191543996225,77.68717197181826
2026-09-28T03:07:00Z,2026-09-28 08:37:00,orr_marathahalli,ok,FRC1,21,40,665,349,1,False,12.969829756831466,77.70065275433024,12.937285233242429,77.69319621326713
2026-09-28T03:07:00Z,2026-09-28 08:37:00,orr_doddanekundi,ok,FRC1,34,42,781,632,1,False,12.94125482917495,77.69626600148536,13.000288982126634,77.68031892778362
2026-09-28T03:07:00Z,2026-09-28 08:37:00,orr_mahadevapura,ok,FRC1,22,46,695,332,1,False,13.000373429575006,77.67881152631685,12.969829756831466,77.70065275433024
2026-09-28T03:07:00Z,2026-09-28 08:37:00,hosur_bommanahalli,ok,FRC1,32,39,73,60,1,False,12.909218593796567,77.62749282122297,12.91427319093241,77.62440291643713
2026-09-28T03:07:00Z,2026-09-28 08:37:00,sarjapur_agara,ok,FRC1,2,33,1842,111,1,False,12.917313432684539,77.64083412886617,12.923976051130884,77.64726874829438
2026-09-28T03:07:00Z,2026-09-28 08:37:00,old_airport_konena,ok,FRC2,23,33,2292,1597,1,False,12.956720480405576,77.74534372094678,12.972658179083226,77.61948508620713
2026-09-28T03:07:00Z,2026-09-28 08:37:00,varthur_kundalahalli,ok,FRC2,28,35,1879,1503,1,False,12.972670267685029,77.61953604817847,12.956926979936062,77.74537054303693
2026-09-28T03:22:00Z,2026-09-28 08:52:00,orr_hsr,ok,FRC1,43,43,59,59,1,False,12.917273237323744,77.64092666507719,12.916244577017903,77.63487560153817
2026-09-28T03:22:00Z,2026-09-28 08:52:00,orr_iblur,ok,FRC1,20,43,355,165,1,False,12.92075738312682,77.66533074380487,12.928526460252453,77.68170697094911
2026-09-28T03:22:00Z,2026-09-28 08:52:00,orr_bellandur,ok,FRC1,20,49,127,51,1,False,12.928526460252453,77.68170697094911,12.93191543996225,77.68717197181826
2026-09-28T03:22:00Z,2026-09-28 08:52:00,orr_marathahalli,ok,FRC1,18,40,776,349,1,False,12.969829756831466,77.70065275433024,12.937285233242429,77.69319621326713
2026-09-28T03:22:00Z,2026-09-28 08:52:00,orr_doddanekundi,ok,FRC1,32,41,830,647,1,False,12.94125482917495,77.69626600148536,13.000288982126634,77.68031892778362
2026-09-28T03:22:00Z,2026-09-28 08:52:00,orr_mahadevapura,ok,FRC1,20,46,764,332,1,False,13.000373429575006,77.67881152631685,12.969829756831466,77.70065275433024
2026-09-28T03:22:00Z,2026-09-28 08:52:00,hosur_bommanahalli,ok,FRC1,19,39,123,60,1,False,12.909218593796567,77.62749282122297,12.91427319093241,77.62440291643713
2026-09-28T03:22:00Z,2026-09-28 08:52:00,sarjapur_agara,ok,FRC1,5,42,737,87,1,False,12.917313432684539,77.64083412886617,12.923976051130884,77.64726874829438
2026-09-28T03:22:00Z,2026-09-28 08:52:00,old_airport_konena,ok,FRC2,23,33,2292,1597,1,False,12.956720480405576,77.74534372094678,12.972658179083226,77.61948508620713
2026-09-28T03:22:00Z,2026-09-28 08:52:00,varthur_kundalahalli,ok,FRC2,27,35,1949,1503,1,False,12.972670267685029,77.61953604817847,12.956926979936062,77.74537054303693
2026-09-28T03:37:00Z,2026-09-28 09:07:00,orr_hsr,ok,FRC1,43,43,59,59,1,False,12.917273237323744,77.64092666507719,12.916244577017903,77.63487560153817
2026-09-28T03:37:00Z,2026-09-28 09:07:00,orr_iblur,ok,FRC1,19,43,374,165,1,False,12.92075738312682,77.66533074380487,12.928526460252453,77.68170697094911
2026-09-28T03:37:00Z,2026-09-28 09:07:00,orr_bellandur,ok,FRC1,35,48,72,53,1,False,12.928526460252453,77.68170697094911,12.93191543996225,77.68717197181826
2026-09-28T03:37:00Z,2026-09-28 09:07:00,orr_marathahalli,ok,FRC1,12,40,1164,349,1,False,12.969829756831466,77.70065275433024,12.937285233242429,77.69319621326713
2026-09-28T03:37:00Z,2026-09-28 09:07:00,orr_doddanekundi,ok,FRC1,29,42,915,632,1,False,12.94125482917495,77.69626600148536,13.000288982126634,77.68031892778362
2026-09-28T03:37:00Z,2026-09-28 09:07:00,orr_mahadevapura,ok,FRC1,23,45,665,339,1,False,13.000373429575006,77.67881152631685,12.969829756831466,77.70065275433024
2026-09-28T03:37:00Z,2026-09-28 09:07:00,hosur_bommanahalli,ok,FRC1,40,40,58,58,1,False,12.909218593796567,77.62749282122297,12.91427319093241,77.62440291643713
2026-09-28T03:37:00Z,2026-09-28 09:07:00,sarjapur_agara,ok,FRC1,5,36,737,102,1,False,12.917313432684539,77.64083412886617,12.923976051130884,77.64726874829438
2026-09-28T03:37:00Z,2026-09-28 09:07:00,old_airport_konena,ok,FRC2,21,33,2510,1597,1,False,12.956720480405576,77.74534372094678,12.972658179083226,77.61948508620713
2026-09-28T03:37:00Z,2026-09-28 09:07:00,varthur_kundalahalli,ok,FRC2,26,35,2023,1503,1,False,12.972670267685029,77.61953604817847,12.956926979936062,77.74537054303693
2026-09-28T03:52:00Z,2026-09-28 09:22:00,orr_hsr,ok,FRC1,43,43,59,59,1,False,12.917273237323744,77.64092666507719,12.916244577017903,77.63487560153817
2026-09-28T03:52:00Z,2026-09-28 09:22:00,orr_iblur,ok,FRC1,14,44,507,161,1,False,12.92075738312682,77.66533074380487,12.928526460252453,77.68170697094911
2026-09-28T03:52:00Z,2026-09-28 09:22:00,orr_bellandur,ok,FRC1,37,49,68,51,1,False,12.928526460252453,77.68170697094911,12.93191543996225,77.68717197181826
2026-09-28T03:52:00Z,2026-09-28 09:22:00,orr_marathahalli,ok,FRC1,12,40,1164,349,1,False,12.969829756831466,77.70065275433024,12.937285233242429,77.69319621326713
2026-09-28T03:52:00Z,2026-09-28 09:22:00,orr_doddanekundi,ok,FRC1,30,41,885,647,1,False,12.94125482917495,77.69626600148536,13.000288982126634,77.68031892778362
2026-09-28T03:52:00Z,2026-09-28 09:22:00,orr_mahadevapura,ok,FRC1,20,46,764,332,1,False,13.000373429575006,77.67881152631685,12.969829756831466,77.70065275433024
2026-09-28T03:52:00Z,2026-09-28 09:22:00,hosur_bommanahalli,ok,FRC1,40,40,58,58,1,False,12.909218593796567,77.62749282122297,12.91427319093241,77.62440291643713
2026-09-28T03:52:00Z,2026-09-28 09:22:00,sarjapur_agara,ok,FRC1,3,35,1228,105,1,False,12.917313432684539,77.64083412886617,12.923976051130884,77.64726874829438
2026-09-28T03:52:00Z,2026-09-28 09:22:00,old_airport_konena,ok,FRC2,20,33,2636,1597,1,False,12.956720480405576,77.74534372094678,12.972658179083226,77.61948508620713
2026-09-28T03:52:00Z,2026-09-28 09:22:00,varthur_kundalahalli,ok,FRC2,25,35,2104,1503,1,False,12.972670267685029,77.61953604817847,12.956926979936062,77.74537054303693
2026-09-28T04:07:01Z,2026-09-28 09:37:01,orr_hsr,ok,FRC1,43,43,59,59,1,False,12.917273237323744,77.64092666507719,12.916244577017903,77.63487560153817
2026-09-28T04:07:01Z,2026-09-28 09:37:01,orr_iblur,ok,FRC1,13,43,546,165,1,False,12.92075738312682,77.66533074380487,12.928526460252453,77.68170697094911
2026-09-28T04:07:01Z,2026-09-28 09:37:01,orr_bellandur,ok,FRC1,37,49,68,51,1,False,12.928526460252453,77.68170697094911,12.93191543996225,77.68717197181826
2026-09-28T04:07:01Z,2026-09-28 09:37:01,orr_marathahalli,ok,FRC1,12,40,1164,349,1,False,12.969829756831466,77.70065275433024,12.937285233242429,77.69319621326713
2026-09-28T04:07:01Z,2026-09-28 09:37:01,orr_doddanekundi,ok,FRC1,30,41,885,647,1,False,12.94125482917495,77.69626600148536,13.000288982126634,77.68031892778362
2026-09-28T04:07:01Z,2026-09-28 09:37:01,orr_mahadevapura,ok,FRC1,23,45,665,339,1,False,13.000373429575006,77.67881152631685,12.969829756831466,77.70065275433024
2026-09-28T04:07:01Z,2026-09-28 09:37:01,hosur_bommanahalli,ok,FRC1,22,39,107,60,1,False,12.909218593796567,77.62749282122297,12.91427319093241,77.62440291643713
2026-09-28T04:07:01Z,2026-09-28 09:37:01,sarjapur_agara,ok,FRC1,5,40,737,92,1,False,12.917313432684539,77.64083412886617,12.923976051130884,77.64726874829438
2026-09-28T04:07:01Z,2026-09-28 09:37:01,old_airport_konena,ok,FRC2,20,33,2636,1597,1,False,12.956720480405576,77.74534372094678,12.972658179083226,77.61948508620713
2026-09-28T04:07:01Z,2026-09-28 09:37:01,varthur_kundalahalli,ok,FRC2,25,35,2104,1503,1,False,12.972670267685029,77.61953604817847,12.956926979936062,77.74537054303693
2026-09-28T04:22:00Z,2026-09-28 09:52:00,orr_hsr,ok,FRC1,43,43,59,59,1,False,12.917273237323744,77.64092666507719,12.916244577017903,77.63487560153817
2026-09-28T04:22:00Z,2026-09-28 09:52:00,orr_iblur,ok,FRC1,18,43,394,165,1,False,12.92075738312682,77.66533074380487,12.928526460252453,77.68170697094911
2026-09-28T04:22:00Z,2026-09-28 09:52:00,orr_bellandur,ok,FRC1,30,49,84,51,1,False,12.928526460252453,77.68170697094911,12.93191543996225,77.68717197181826
2026-09-28T04:22:00Z,2026-09-28 09:52:00,orr_marathahalli,ok,FRC1,13,41,1075,340,1,False,12.969829756831466,77.70065275433024,12.937285233242429,77.69319621326713
2026-09-28T04:22:00Z,2026-09-28 09:52:00,orr_doddanekundi,ok,FRC1,31,41,856,647,1,False,12.94125482917495,77.69626600148536,13.000288982126634,77.68031892778362
2026-09-28T04:22:00Z,2026-09-28 09:52:00,orr_mahadevapura,ok,FRC1,21,45,728,339,1,False,13.000373429575006,77.67881152631685,12.969829756831466,77.70065275433024
2026-09-28T04:22:00Z,2026-09-28 09:52:00,hosur_bommanahalli,ok,FRC1,28,39,84,60,1,False,12.909218593796567,77.62749282122297,12.91427319093241,77.62440291643713
2026-09-28T04:22:00Z,2026-09-28 09:52:00,sarjapur_agara,ok,FRC1,6,37,614,99,1,False,12.917313432684539,77.64083412886617,12.923976051130884,77.64726874829438
2026-09-28T04:22:00Z,2026-09-28 09:52:00,old_airport_konena,ok,FRC2,21,33,2510,1597,1,False,12.956720480405576,77.74534372094678,12.972658179083226,77.61948508620713
2026-09-28T04:22:00Z,2026-09-28 09:52:00,varthur_kundalahalli,ok,FRC2,26,35,2023,1503,1,False,12.972670267685029,77.61953604817847,12.956926979936062,77.74537054303693
2026-09-28T04:37:00Z,2026-09-28 10:07:00,orr_hsr,ok,FRC1,43,43,59,59,1,False,12.917273237323744,77.64092666507719,12.916244577017903,77.63487560153817
2026-09-28T04:37:00Z,2026-09-28 10:07:00,orr_iblur,ok,FRC1,12,41,592,173,1,False,12.92075738312682,77.66533074380487,12.928526460252453,77.68170697094911
2026-09-28T04:37:00Z,2026-09-28 10:07:00,orr_bellandur,ok,FRC1,30,48,84,53,1,False,12.928526460252453,77.68170697094911,12.93191543996225,77.68717197181826
2026-09-28T04:37:00Z,2026-09-28 10:07:00,orr_marathahalli,ok,FRC1,19,40,735,349,1,False,12.969829756831466,77.70065275433024,12.937285233242429,77.69319621326713
2026-09-28T04:37:00Z,2026-09-28 10:07:00,orr_doddanekundi,ok,FRC1,29,41,915,647,1,False,12.94125482917495,77.69626600148536,13.000288982126634,77.68031892778362
2026-09-28T04:37:00Z,2026-09-28 10:07:00,orr_mahadevapura,ok,FRC1,20,45,764,339,1,False,13.000373429575006,77.67881152631685,12.969829756831466,77.70065275433024
2026-09-28T04:37:00Z,2026-09-28 10:07:00,hosur_bommanahalli,ok,FRC1,30,39,78,60,1,False,12.909218593796567,77.62749282122297,12.91427319093241,77.62440291643713
2026-09-28T04:37:00Z,2026-09-28 10:07:00,sarjapur_agara,ok,FRC1,3,38,1228,96,1,False,12.917313432684539,77.64083412886617,12.923976051130884,77.64726874829438
2026-09-28T04:37:00Z,2026-09-28 10:07:00,old_airport_konena,ok,FRC2,20,33,2636,1597,1,False,12.956720480405576,77.74534372094678,12.972658179083226,77.61948508620713
2026-09-28T04:37:00Z,2026-09-28 10:07:00,varthur_kundalahalli,ok,FRC2,27,35,1949,1503,1,False,12.972670267685029,77.61953604817847,12.956926979936062,77.74537054303693
2026-09-28T04:52:00Z,2026-09-28 10:22:00,orr_hsr,ok,FRC1,43,43,59,59,1,False,12.917273237323744,77.64092666507719,12.916244577017903,77.63487560153817
2026-09-28T04:52:00Z,2026-09-28 10:22:00,orr_iblur,ok,FRC1,11,43,646,165,1,False,12.92075738312682,77.66533074380487,12.928526460252453,77.68170697094911
2026-09-28T04:52:00Z,2026-09-28 10:22:00,orr_bellandur,ok,FRC1,20,48,127,53,1,False,12.928526460252453,77.68170697094911,12.93191543996225,77.68717197181826
2026-09-28T04:52:00Z,2026-09-28 10:22:00,orr_marathahalli,ok,FRC1,17,39,822,358,1,False,12.969829756831466,77.70065275433024,12.937285233242429,77.69319621326713
2026-09-28T04:52:00Z,2026-09-28 10:22:00,orr_doddanekundi,ok,FRC1,31,42,856,632,1,False,12.94125482917495,77.69626600148536,13.000288982126634,77.68031892778362
2026-09-28T04:52:00Z,2026-09-28 10:22:00,orr_mahadevapura,ok,FRC1,12,44,1274,347,1,False,13.000373429575006,77.67881152631685,12.969829756831466,77.70065275433024
2026-09-28T04:52:00Z,2026-09-28 10:22:00,hosur_bommanahalli,ok,FRC1,30,39,78,60,1,False,12.909218593796567,77.62749282122297,12.91427319093241,77.62440291643713
2026-09-28T04:52:00Z,2026-09-28 10:22:00,sarjapur_agara,ok,FRC1,5,39,737,94,1,False,12.917313432684539,77.64083412886617,12.923976051130884,77.64726874829438
2026-09-28T04:52:00Z,2026-09-28 10:22:00,old_airport_konena,ok,FRC2,21,33,2510,1597,1,False,12.956720480405576,77.74534372094678,12.972658179083226,77.61948508620713
2026-09-28T04:52:00Z,2026-09-28 10:22:00,varthur_kundalahalli,ok,FRC2,27,36,1949,1461,1,False,12.972670267685029,77.61953604817847,12.956926979936062,77.74537054303693
2026-09-28T05:07:00Z,2026-09-28 10:37:00,orr_hsr,ok,FRC1,43,43,59,59,1,False,12.917273237323744,77.64092666507719,12.916244577017903,77.63487560153817
2026-09-28T05:07:00Z,2026-09-28 10:37:00,orr_iblur,ok,FRC1,11,41,646,173,1,False,12.92075738312682,77.66533074380487,12.928526460252453,77.68170697094911
2026-09-28T05:07:00Z,2026-09-28 10:37:00,orr_bellandur,ok,FRC1,27,48,94,53,1,False,12.928526460252453,77.68170697094911,12.93191543996225,77.68717197181826
2026-09-28T05:07:00Z,2026-09-28 10:37:00,orr_marathahalli,ok,FRC1,14,40,998,349,1,False,12.969829756831466,77.70065275433024,12.937285233242429,77.69319621326713
2026-09-28T05:07:00Z,2026-09-28 10:37:00,orr_doddanekundi,ok,FRC1,29,42,915,632,1,False,12.94125482917495,77.69626600148536,13.000288982126634,77.68031892778362
2026-09-28T05:07:00Z,2026-09-28 10:37:00,orr_mahadevapura,ok,FRC1,14,45,1092,339,1,False,13.000373429575006,77.67881152631685,12.969829756831466,77.70065275433024
2026-09-28T05:07:00Z,2026-09-28 10:37:00,hosur_bommanahalli,ok,FRC1,40,40,58,58,1,False,12.909218593796567,77.62749282122297,12.91427319093241,77.62440291643713
2026-09-28T05:07:00Z,2026-09-28 10:37:00,sarjapur_agara,ok,FRC1,5,39,737,94,1,False,12.917313432684539,77.64083412886617,12.923976051130884,77.64726874829438
2026-09-28T05:07:00Z,2026-09-28 10:37:00,old_airport_konena,ok,FRC2,21,33,2510,1597,1,False,12.956720480405576,77.74534372094678,12.972658179083226,77.61948508620713
2026-09-28T05:07:00Z,2026-09-28 10:37:00,varthur_kundalahalli,ok,FRC2,27,35,1949,1503,1,False,12.972670267685029,77.61953604817847,12.956926979936062,77.74537054303693
2026-09-28T05:22:00Z,2026-09-28 10:52:00,orr_hsr,ok,FRC1,43,43,59,59,1,False,12.917273237323744,77.64092666507719,12.916244577017903,77.63487560153817
2026-09-28T05:22:00Z,2026-09-28 10:52:00,orr_iblur,ok,FRC1,12,44,592,161,1,False,12.92075738312682,77.66533074380487,12.928526460252453,77.68170697094911
2026-09-28T05:22:00Z,2026-09-28 10:52:00,orr_bellandur,ok,FRC1,24,48,106,53,1,False,12.928526460252453,77.68170697094911,12.93191543996225,77.68717197181826
2026-09-28T05:22:00Z,2026-09-28 10:52:00,orr_marathahalli,ok,FRC1,14,38,998,367,1,False,12.969829756831466,77.70065275433024,12.937285233242429,77.69319621326713
2026-09-28T05:22:00Z,2026-09-28 10:52:00,orr_doddanekundi,ok,FRC1,29,42,915,632,1,False,12.94125482917495,77.69626600148536,13.000288982126634,77.68031892778362
2026-09-28T05:22:00Z,2026-09-28 10:52:00,orr_mahadevapura,ok,FRC1,16,46,955,332,1,False,13.000373429575006,77.67881152631685,12.969829756831466,77.70065275433024
2026-09-28T05:22:00Z,2026-09-28 10:52:00,hosur_bommanahalli,ok,FRC1,26,39,90,60,1,False,12.909218593796567,77.62749282122297,12.91427319093241,77.62440291643713
2026-09-28T05:22:00Z,2026-09-28 10:52:00,sarjapur_agara,ok,FRC1,5,39,737,94,1,False,12.917313432684539,77.64083412886617,12.923976051130884,77.64726874829438
2026-09-28T05:22:00Z,2026-09-28 10:52:00,old_airport_konena,ok,FRC2,22,32,2396,1647,1,False,12.956720480405576,77.74534372094678,12.972658179083226,77.61948508620713
2026-09-28T05:22:00Z,2026-09-28 10:52:00,varthur_kundalahalli,ok,FRC2,28,35,1879,1503,1,False,12.972670267685029,77.61953604817847,12.956926979936062,77.74537054303693
2026-09-28T05:37:00Z,2026-09-28 11:07:00,orr_hsr,ok,FRC1,43,43,59,59,1,False,12.917273237323744,77.64092666507719,12.916244577017903,77.63487560153817
2026-09-28T05:37:00Z,2026-09-28 11:07:00,orr_iblur,ok,FRC1,14,43,507,165,1,False,12.92075738312682,77.66533074380487,12.928526460252453,77.68170697094911
2026-09-28T05:37:00Z,2026-09-28 11:07:00,orr_bellandur,ok,FRC1,25,47,101,54,1,False,12.928526460252453,77.68170697094911,12.93191543996225,77.68717197181826
2026-09-28T05:37:00Z,2026-09-28 11:07:00,orr_marathahalli,ok,FRC1,8,40,1747,349,1,False,12.969829756831466,77.70065275433024,12.937285233242429,77.69319621326713
2026-09-28T05:37:00Z,2026-09-28 11:07:00,orr_doddanekundi,ok,FRC1,31,41,856,647,1,False,12.94125482917495,77.69626600148536,13.000288982126634,77.68031892778362
2026-09-28T05:37:00Z,2026-09-28 11:07:00,orr_mahadevapura,ok,FRC1,19,47,805,325,1,False,13.000373429575006,77.67881152631685,12.969829756831466,77.70065275433024
2026-09-28T05:37:00Z,2026-09-28 11:07:00,hosur_bommanahalli,ok,FRC1,40,40,58,58,1,False,12.909218593796567,77.62749282122297,12.91427319093241,77.62440291643713
2026-09-28T05:37:00Z,2026-09-28 11:07:00,sarjapur_agara,ok,FRC1,5,43,737,85,1,False,12.917313432684539,77.64083412886617,12.923976051130884,77.64726874829438
2026-09-28T05:37:00Z,2026-09-28 11:07:00,old_airport_konena,ok,FRC2,21,33,2510,1597,1,False,12.956720480405576,77.74534372094678,12.972658179083226,77.61948508620713
2026-09-28T05:37:00Z,2026-09-28 11:07:00,varthur_kundalahalli,ok,FRC2,27,35,1949,1503,1,False,12.972670267685029,77.61953604817847,12.956926979936062,77.74537054303693
2026-09-28T06:07:00Z,2026-09-28 11:37:00,orr_hsr,ok,FRC1,43,43,59,59,1,False,12.917273237323744,77.64092666507719,12.916244577017903,77.63487560153817
2026-09-28T06:07:00Z,2026-09-28 11:37:00,orr_iblur,ok,FRC1,11,44,646,161,1,False,12.92075738312682,77.66533074380487,12.928526460252453,77.68170697094911
2026-09-28T06:07:00Z,2026-09-28 11:37:00,orr_bellandur,ok,FRC1,8,50,318,50,1,False,12.928526460252453,77.68170697094911,12.93191543996225,77.68717197181826
2026-09-28T06:07:00Z,2026-09-28 11:37:00,orr_marathahalli,ok,FRC1,8,38,1747,367,1,False,12.969829756831466,77.70065275433024,12.937285233242429,77.69319621326713
2026-09-28T06:07:00Z,2026-09-28 11:37:00,orr_doddanekundi,ok,FRC1,35,42,758,632,1,False,12.94125482917495,77.69626600148536,13.000288982126634,77.68031892778362
2026-09-28T06:07:00Z,2026-09-28 11:37:00,orr_mahadevapura,ok,FRC1,25,45,611,339,1,False,13.000373429575006,77.67881152631685,12.969829756831466,77.70065275433024
2026-09-28T06:07:00Z,2026-09-28 11:37:00,hosur_bommanahalli,ok,FRC1,33,39,71,60,1,False,12.909218593796567,77.62749282122297,12.91427319093241,77.62440291643713
2026-09-28T06:07:00Z,2026-09-28 11:37:00,sarjapur_agara,ok,FRC1,5,42,737,87,1,False,12.917313432684539,77.64083412886617,12.923976051130884,77.64726874829438
2026-09-28T06:07:00Z,2026-09-28 11:37:00,old_airport_konena,ok,FRC2,24,33,2196,1597,1,False,12.956720480405576,77.74534372094678,12.972658179083226,77.61948508620713
2026-09-28T06:07:00Z,2026-09-28 11:37:00,varthur_kundalahalli,ok,FRC2,27,36,1949,1461,1,False,12.972670267685029,77.61953604817847,12.956926979936062,77.74537054303693
2026-09-28T06:37:00Z,2026-09-28 12:07:00,orr_hsr,ok,FRC1,43,43,59,59,1,False,12.917273237323744,77.64092666507719,12.916244577017903,77.63487560153817
2026-09-28T06:37:00Z,2026-09-28 12:07:00,orr_iblur,ok,FRC1,8,43,888,165,1,False,12.92075738312682,77.66533074380487,12.928526460252453,77.68170697094911
2026-09-28T06:37:00Z,2026-09-28 12:07:00,orr_bellandur,ok,FRC1,36,48,70,53,1,False,12.928526460252453,77.68170697094911,12.93191543996225,77.68717197181826
2026-09-28T06:37:00Z,2026-09-28 12:07:00,orr_marathahalli,ok,FRC1,13,40,1075,349,1,False,12.969829756831466,77.70065275433024,12.937285233242429,77.69319621326713
2026-09-28T06:37:00Z,2026-09-28 12:07:00,orr_doddanekundi,ok,FRC1,35,41,758,647,1,False,12.94125482917495,77.69626600148536,13.000288982126634,77.68031892778362
2026-09-28T06:37:00Z,2026-09-28 12:07:00,orr_mahadevapura,ok,FRC1,31,46,493,332,1,False,13.000373429575006,77.67881152631685,12.969829756831466,77.70065275433024
2026-09-28T06:37:00Z,2026-09-28 12:07:00,hosur_bommanahalli,ok,FRC1,40,40,58,58,1,False,12.909218593796567,77.62749282122297,12.91427319093241,77.62440291643713
2026-09-28T06:37:00Z,2026-09-28 12:07:00,sarjapur_agara,ok,FRC1,5,43,737,85,1,False,12.917313432684539,77.64083412886617,12.923976051130884,77.64726874829438
2026-09-28T06:37:00Z,2026-09-28 12:07:00,old_airport_konena,ok,FRC2,23,33,2292,1597,1,False,12.956720480405576,77.74534372094678,12.972658179083226,77.61948508620713
2026-09-28T06:37:00Z,2026-09-28 12:07:00,varthur_kundalahalli,ok,FRC2,27,36,1949,1461,1,False,12.972670267685029,77.61953604817847,12.956926979936062,77.74537054303693
2026-09-28T07:07:00Z,2026-09-28 12:37:00,orr_hsr,ok,FRC1,43,43,59,59,1,False,12.917273237323744,77.64092666507719,12.916244577017903,77.63487560153817
2026-09-28T07:07:00Z,2026-09-28 12:37:00,orr_iblur,ok,FRC1,20,43,355,165,1,False,12.92075738312682,77.66533074380487,12.928526460252453,77.68170697094911
2026-09-28T07:07:00Z,2026-09-28 12:37:00,orr_bellandur,ok,FRC1,36,48,70,53,1,False,12.928526460252453,77.68170697094911,12.93191543996225,77.68717197181826
2026-09-28T07:07:00Z,2026-09-28 12:37:00,orr_marathahalli,ok,FRC1,21,40,665,349,1,False,12.969829756831466,77.70065275433024,12.937285233242429,77.69319621326713
2026-09-28T07:07:00Z,2026-09-28 12:37:00,orr_doddanekundi,ok,FRC1,41,41,647,647,1,False,12.94125482917495,77.69626600148536,13.000288982126634,77.68031892778362
2026-09-28T07:07:00Z,2026-09-28 12:37:00,orr_mahadevapura,ok,FRC1,38,46,402,332,1,False,13.000373429575006,77.67881152631685,12.969829756831466,77.70065275433024
2026-09-28T07:07:00Z,2026-09-28 12:37:00,hosur_bommanahalli,ok,FRC1,40,40,58,58,1,False,12.909218593796567,77.62749282122297,12.91427319093241,77.62440291643713
2026-09-28T07:07:00Z,2026-09-28 12:37:00,sarjapur_agara,ok,FRC1,8,39,460,94,1,False,12.917313432684539,77.64083412886617,12.923976051130884,77.64726874829438
2026-09-28T07:07:00Z,2026-09-28 12:37:00,old_airport_konena,ok,FRC2,24,33,2196,1597,1,False,12.956720480405576,77.74534372094678,12.972658179083226,77.61948508620713
2026-09-28T07:07:00Z,2026-09-28 12:37:00,varthur_kundalahalli,ok,FRC2,25,35,2104,1503,1,False,12.972670267685029,77.61953604817847,12.956926979936062,77.74537054303693
2026-09-28T07:37:00Z,2026-09-28 13:07:00,orr_hsr,ok,FRC1,43,43,59,59,1,False,12.917273237323744,77.64092666507719,12.916244577017903,77.63487560153817
2026-09-28T07:37:00Z,2026-09-28 13:07:00,orr_iblur,ok,FRC1,23,43,309,165,1,False,12.92075738312682,77.66533074380487,12.928526460252453,77.68170697094911
2026-09-28T07:37:00Z,2026-09-28 13:07:00,orr_bellandur,ok,FRC1,30,48,84,53,1,False,12.928526460252453,77.68170697094911,12.93191543996225,77.68717197181826
2026-09-28T07:37:00Z,2026-09-28 13:07:00,orr_marathahalli,ok,FRC1,33,40,423,349,1,False,12.969829756831466,77.70065275433024,12.937285233242429,77.69319621326713
2026-09-28T07:37:00Z,2026-09-28 13:07:00,orr_doddanekundi,ok,FRC1,41,41,647,647,1,False,12.94125482917495,77.69626600148536,13.000288982126634,77.68031892778362
2026-09-28T07:37:00Z,2026-09-28 13:07:00,orr_mahadevapura,ok,FRC1,37,46,413,332,1,False,13.000373429575006,77.67881152631685,12.969829756831466,77.70065275433024
2026-09-28T07:37:00Z,2026-09-28 13:07:00,hosur_bommanahalli,ok,FRC1,40,40,58,58,1,False,12.909218593796567,77.62749282122297,12.91427319093241,77.62440291643713
2026-09-28T07:37:00Z,2026-09-28 13:07:00,sarjapur_agara,ok,FRC1,34,39,108,94,1,False,12.917313432684539,77.64083412886617,12.923976051130884,77.64726874829438
2026-09-28T07:37:00Z,2026-09-28 13:07:00,old_airport_konena,ok,FRC2,25,33,2109,1597,1,False,12.956720480405576,77.74534372094678,12.972658179083226,77.61948508620713
2026-09-28T07:37:00Z,2026-09-28 13:07:00,varthur_kundalahalli,ok,FRC2,26,36,2023,1461,1,False,12.972670267685029,77.61953604817847,12.956926979936062,77.74537054303693
2026-09-28T08:07:00Z,2026-09-28 13:37:00,orr_hsr,ok,FRC1,43,43,59,59,1,False,12.917273237323744,77.64092666507719,12.916244577017903,77.63487560153817
2026-09-28T08:07:00Z,2026-09-28 13:37:00,orr_iblur,ok,FRC1,13,42,546,169,1,False,12.92075738312682,77.66533074380487,12.928526460252453,77.68170697094911
2026-09-28T08:07:00Z,2026-09-28 13:37:00,orr_bellandur,ok,FRC1,11,48,231,53,1,False,12.928526460252453,77.68170697094911,12.93191543996225,77.68717197181826
2026-09-28T08:07:00Z,2026-09-28 13:37:00,orr_marathahalli,ok,FRC1,29,40,481,349,1,False,12.969829756831466,77.70065275433024,12.937285233242429,77.69319621326713
2026-09-28T08:07:00Z,2026-09-28 13:37:00,orr_doddanekundi,ok,FRC1,41,41,647,647,1,False,12.94125482917495,77.69626600148536,13.000288982126634,77.68031892778362
2026-09-28T08:07:00Z,2026-09-28 13:37:00,orr_mahadevapura,ok,FRC1,37,46,413,332,1,False,13.000373429575006,77.67881152631685,12.969829756831466,77.70065275433024
2026-09-28T08:07:00Z,2026-09-28 13:37:00,hosur_bommanahalli,ok,FRC1,40,40,58,58,1,False,12.909218593796567,77.62749282122297,12.91427319093241,77.62440291643713
2026-09-28T08:07:00Z,2026-09-28 13:37:00,sarjapur_agara,ok,FRC1,39,39,94,94,1,False,12.917313432684539,77.64083412886617,12.923976051130884,77.64726874829438
2026-09-28T08:07:00Z,2026-09-28 13:37:00,old_airport_konena,ok,FRC2,26,33,2027,1597,1,False,12.956720480405576,77.74534372094678,12.972658179083226,77.61948508620713
2026-09-28T08:07:00Z,2026-09-28 13:37:00,varthur_kundalahalli,ok,FRC2,27,35,1949,1503,1,False,12.972670267685029,77.61953604817847,12.956926979936062,77.74537054303693
2026-09-28T08:37:00Z,2026-09-28 14:07:00,orr_hsr,ok,FRC1,43,43,59,59,1,False,12.917273237323744,77.64092666507719,12.916244577017903,77.63487560153817
2026-09-28T08:37:00Z,2026-09-28 14:07:00,orr_iblur,ok,FRC1,17,44,418,161,1,False,12.92075738312682,77.66533074380487,12.928526460252453,77.68170697094911
2026-09-28T08:37:00Z,2026-09-28 14:07:00,orr_bellandur,ok,FRC1,13,50,195,50,1,False,12.928526460252453,77.68170697094911,12.93191543996225,77.68717197181826
2026-09-28T08:37:00Z,2026-09-28 14:07:00,orr_marathahalli,ok,FRC1,22,39,635,358,1,False,12.969829756831466,77.70065275433024,12.937285233242429,77.69319621326713
2026-09-28T08:37:00Z,2026-09-28 14:07:00,orr_doddanekundi,ok,FRC1,41,41,647,647,1,False,12.94125482917495,77.69626600148536,13.000288982126634,77.68031892778362
2026-09-28T08:37:00Z,2026-09-28 14:07:00,orr_mahadevapura,ok,FRC1,38,46,402,332,1,False,13.000373429575006,77.67881152631685,12.969829756831466,77.70065275433024
2026-09-28T08:37:00Z,2026-09-28 14:07:00,hosur_bommanahalli,ok,FRC1,32,39,73,60,1,False,12.909218593796567,77.62749282122297,12.91427319093241,77.62440291643713
2026-09-28T08:37:00Z,2026-09-28 14:07:00,sarjapur_agara,ok,FRC1,39,39,94,94,1,False,12.917313432684539,77.64083412886617,12.923976051130884,77.64726874829438
2026-09-28T08:37:00Z,2026-09-28 14:07:00,old_airport_konena,ok,FRC2,26,32,2027,1647,1,False,12.956720480405576,77.74534372094678,12.972658179083226,77.61948508620713
2026-09-28T08:37:00Z,2026-09-28 14:07:00,varthur_kundalahalli,ok,FRC2,28,35,1879,1503,1,False,12.972670267685029,77.61953604817847,12.956926979936062,77.74537054303693
2026-09-28T09:07:00Z,2026-09-28 14:37:00,orr_hsr,ok,FRC1,43,43,59,59,1,False,12.917273237323744,77.64092666507719,12.916244577017903,77.63487560153817
2026-09-28T09:07:00Z,2026-09-28 14:37:00,orr_iblur,ok,FRC1,18,44,394,161,1,False,12.92075738312682,77.66533074380487,12.928526460252453,77.68170697094911
2026-09-28T09:07:00Z,2026-09-28 14:37:00,orr_bellandur,ok,FRC1,12,49,212,51,1,False,12.928526460252453,77.68170697094911,12.93191543996225,77.68717197181826
2026-09-28T09:07:00Z,2026-09-28 14:37:00,orr_marathahalli,ok,FRC1,20,40,698,349,1,False,12.969829756831466,77.70065275433024,12.937285233242429,77.69319621326713
2026-09-28T09:07:00Z,2026-09-28 14:37:00,orr_doddanekundi,ok,FRC1,41,41,647,647,1,False,12.94125482917495,77.69626600148536,13.000288982126634,77.68031892778362
2026-09-28T09:07:00Z,2026-09-28 14:37:00,orr_mahadevapura,ok,FRC1,36,45,424,339,1,False,13.000373429575006,77.67881152631685,12.969829756831466,77.70065275433024
2026-09-28T09:07:00Z,2026-09-28 14:37:00,hosur_bommanahalli,ok,FRC1,40,40,58,58,1,False,12.909218593796567,77.62749282122297,12.91427319093241,77.62440291643713
2026-09-28T09:07:00Z,2026-09-28 14:37:00,sarjapur_agara,ok,FRC1,39,39,94,94,1,False,12.917313432684539,77.64083412886617,12.923976051130884,77.64726874829438
2026-09-28T09:07:00Z,2026-09-28 14:37:00,old_airport_konena,ok,FRC2,27,33,1952,1597,1,False,12.956720480405576,77.74534372094678,12.972658179083226,77.61948508620713
2026-09-28T09:07:00Z,2026-09-28 14:37:00,varthur_kundalahalli,ok,FRC2,28,35,1879,1503,1,False,12.972670267685029,77.61953604817847,12.956926979936062,77.74537054303693
2026-09-28T09:37:00Z,2026-09-28 15:07:00,orr_hsr,ok,FRC1,43,43,59,59,1,False,12.917273237323744,77.64092666507719,12.916244577017903,77.63487560153817
2026-09-28T09:37:00Z,2026-09-28 15:07:00,orr_iblur,ok,FRC1,27,43,263,165,1,False,12.92075738312682,77.66533074380487,12.928526460252453,77.68170697094911
2026-09-28T09:37:00Z,2026-09-28 15:07:00,orr_bellandur,ok,FRC1,18,50,141,50,1,False,12.928526460252453,77.68170697094911,12.93191543996225,77.68717197181826
2026-09-28T09:37:00Z,2026-09-28 15:07:00,orr_marathahalli,ok,FRC1,18,38,776,367,1,False,12.969829756831466,77.70065275433024,12.937285233242429,77.69319621326713
2026-09-28T09:37:00Z,2026-09-28 15:07:00,orr_doddanekundi,ok,FRC1,33,41,804,647,1,False,12.94125482917495,77.69626600148536,13.000288982126634,77.68031892778362
2026-09-28T09:37:00Z,2026-09-28 15:07:00,orr_mahadevapura,ok,FRC1,35,46,437,332,1,False,13.000373429575006,77.67881152631685,12.969829756831466,77.70065275433024
2026-09-28T09:37:00Z,2026-09-28 15:07:00,hosur_bommanahalli,ok,FRC1,29,40,81,58,1,False,12.909218593796567,77.62749282122297,12.91427319093241,77.62440291643713
2026-09-28T09:37:00Z,2026-09-28 15:07:00,sarjapur_agara,ok,FRC1,39,39,94,94,1,False,12.917313432684539,77.64083412886617,12.923976051130884,77.64726874829438
2026-09-28T09:37:00Z,2026-09-28 15:07:00,old_airport_konena,ok,FRC2,24,33,2196,1597,1,False,12.956720480405576,77.74534372094678,12.972658179083226,77.61948508620713
2026-09-28T09:37:00Z,2026-09-28 15:07:00,varthur_kundalahalli,ok,FRC2,28,35,1879,1503,1,False,12.972670267685029,77.61953604817847,12.956926979936062,77.74537054303693
2026-09-28T10:07:00Z,2026-09-28 15:37:00,orr_hsr,ok,FRC1,43,43,59,59,1,False,12.917273237323744,77.64092666507719,12.916244577017903,77.63487560153817
2026-09-28T10:07:00Z,2026-09-28 15:37:00,orr_iblur,ok,FRC1,42,42,169,169,1,False,12.92075738312682,77.66533074380487,12.928526460252453,77.68170697094911
2026-09-28T10:07:00Z,2026-09-28 15:37:00,orr_bellandur,ok,FRC1,26,49,97,51,1,False,12.928526460252453,77.68170697094911,12.93191543996225,77.68717197181826
2026-09-28T10:07:00Z,2026-09-28 15:37:00,orr_marathahalli,ok,FRC1,17,40,822,349,1,False,12.969829756831466,77.70065275433024,12.937285233242429,77.69319621326713
2026-09-28T10:07:00Z,2026-09-28 15:37:00,orr_doddanekundi,ok,FRC1,25,42,1062,632,1,False,12.94125482917495,77.69626600148536,13.000288982126634,77.68031892778362
2026-09-28T10:07:00Z,2026-09-28 15:37:00,orr_mahadevapura,ok,FRC1,31,46,493,332,1,False,13.000373429575006,77.67881152631685,12.969829756831466,77.70065275433024
2026-09-28T10:07:00Z,2026-09-28 15:37:00,hosur_bommanahalli,ok,FRC1,40,40,58,58,1,False,12.909218593796567,77.62749282122297,12.91427319093241,77.62440291643713
2026-09-28T10:07:00Z,2026-09-28 15:37:00,sarjapur_agara,ok,FRC1,39,39,94,94,1,False,12.917313432684539,77.64083412886617,12.923976051130884,77.64726874829438
2026-09-28T10:07:00Z,2026-09-28 15:37:00,old_airport_konena,ok,FRC2,23,33,2292,1597,1,False,12.956720480405576,77.74534372094678,12.972658179083226,77.61948508620713
2026-09-28T10:07:00Z,2026-09-28 15:37:00,varthur_kundalahalli,ok,FRC2,26,35,2023,1503,1,False,12.972670267685029,77.61953604817847,12.956926979936062,77.74537054303693
2026-09-28T10:37:00Z,2026-09-28 16:07:00,orr_hsr,ok,FRC1,27,42,94,60,1,False,12.917273237323744,77.64092666507719,12.916244577017903,77.63487560153817
2026-09-28T10:37:00Z,2026-09-28 16:07:00,orr_iblur,ok,FRC1,32,42,222,169,1,False,12.92075738312682,77.66533074380487,12.928526460252453,77.68170697094911
2026-09-28T10:37:00Z,2026-09-28 16:07:00,orr_bellandur,ok,FRC1,22,47,115,54,1,False,12.928526460252453,77.68170697094911,12.93191543996225,77.68717197181826
2026-09-28T10:37:00Z,2026-09-28 16:07:00,orr_marathahalli,ok,FRC1,11,39,1270,358,1,False,12.969829756831466,77.70065275433024,12.937285233242429,77.69319621326713
2026-09-28T10:37:00Z,2026-09-28 16:07:00,orr_doddanekundi,ok,FRC1,25,41,1062,647,1,False,12.94125482917495,77.69626600148536,13.000288982126634,77.68031892778362
2026-09-28T10:37:00Z,2026-09-28 16:07:00,orr_mahadevapura,ok,FRC1,34,46,449,332,1,False,13.000373429575006,77.67881152631685,12.969829756831466,77.70065275433024
2026-09-28T10:37:00Z,2026-09-28 16:07:00,hosur_bommanahalli,ok,FRC1,40,40,58,58,1,False,12.909218593796567,77.62749282122297,12.91427319093241,77.62440291643713
2026-09-28T10:37:00Z,2026-09-28 16:07:00,sarjapur_agara,ok,FRC1,26,39,141,94,1,False,12.917313432684539,77.64083412886617,12.923976051130884,77.64726874829438
2026-09-28T10:37:00Z,2026-09-28 16:07:00,old_airport_konena,ok,FRC2,24,33,2196,1597,1,False,12.956720480405576,77.74534372094678,12.972658179083226,77.61948508620713
2026-09-28T10:37:00Z,2026-09-28 16:07:00,varthur_kundalahalli,ok,FRC2,27,35,1949,1503,1,False,12.972670267685029,77.61953604817847,12.956926979936062,77.74537054303693
2026-09-28T10:52:00Z,2026-09-28 16:22:00,orr_hsr,ok,FRC1,18,42,142,60,1,False,12.917273237323744,77.64092666507719,12.916244577017903,77.63487560153817
2026-09-28T10:52:00Z,2026-09-28 16:22:00,orr_iblur,ok,FRC1,36,42,197,169,1,False,12.92075738312682,77.66533074380487,12.928526460252453,77.68170697094911
2026-09-28T10:52:00Z,2026-09-28 16:22:00,orr_bellandur,ok,FRC1,26,49,97,51,1,False,12.928526460252453,77.68170697094911,12.93191543996225,77.68717197181826
2026-09-28T10:52:00Z,2026-09-28 16:22:00,orr_marathahalli,ok,FRC1,8,39,1747,358,1,False,12.969829756831466,77.70065275433024,12.937285233242429,77.69319621326713
2026-09-28T10:52:00Z,2026-09-28 16:22:00,orr_doddanekundi,ok,FRC1,23,42,1154,632,1,False,12.94125482917495,77.69626600148536,13.000288982126634,77.68031892778362
2026-09-28T10:52:00Z,2026-09-28 16:22:00,orr_mahadevapura,ok,FRC1,29,46,527,332,1,False,13.000373429575006,77.67881152631685,12.969829756831466,77.70065275433024
2026-09-28T10:52:00Z,2026-09-28 16:22:00,hosur_bommanahalli,ok,FRC1,40,40,58,58,1,False,12.909218593796567,77.62749282122297,12.91427319093241,77.62440291643713
2026-09-28T10:52:00Z,2026-09-28 16:22:00,sarjapur_agara,ok,FRC1,32,38,115,96,1,False,12.917313432684539,77.64083412886617,12.923976051130884,77.64726874829438
2026-09-28T10:52:00Z,2026-09-28 16:22:00,old_airport_konena,ok,FRC2,24,33,2196,1597,1,False,12.956720480405576,77.74534372094678,12.972658179083226,77.61948508620713
2026-09-28T10:52:00Z,2026-09-28 16:22:00,varthur_kundalahalli,ok,FRC2,26,35,2023,1503,1,False,12.972670267685029,77.61953604817847,12.956926979936062,77.74537054303693
2026-09-28T11:07:00Z,2026-09-28 16:37:00,orr_hsr,ok,FRC1,43,43,59,59,1,False,12.917273237323744,77.64092666507719,12.916244577017903,77.63487560153817
2026-09-28T11:07:00Z,2026-09-28 16:37:00,orr_iblur,ok,FRC1,38,42,187,169,1,False,12.92075738312682,77.66533074380487,12.928526460252453,77.68170697094911
2026-09-28T11:07:00Z,2026-09-28 16:37:00,orr_bellandur,ok,FRC1,39,49,65,51,1,False,12.928526460252453,77.68170697094911,12.93191543996225,77.68717197181826
2026-09-28T11:07:00Z,2026-09-28 16:37:00,orr_marathahalli,ok,FRC1,6,38,2329,367,1,False,12.969829756831466,77.70065275433024,12.937285233242429,77.69319621326713
2026-09-28T11:07:00Z,2026-09-28 16:37:00,orr_doddanekundi,ok,FRC1,23,42,1154,632,1,False,12.94125482917495,77.69626600148536,13.000288982126634,77.68031892778362
2026-09-28T11:07:00Z,2026-09-28 16:37:00,orr_mahadevapura,ok,FRC1,31,46,493,332,1,False,13.000373429575006,77.67881152631685,12.969829756831466,77.70065275433024
2026-09-28T11:07:00Z,2026-09-28 16:37:00,hosur_bommanahalli,ok,FRC1,30,38,78,61,1,False,12.909218593796567,77.62749282122297,12.91427319093241,77.62440291643713
2026-09-28T11:07:00Z,2026-09-28 16:37:00,sarjapur_agara,ok,FRC1,33,38,111,96,1,False,12.917313432684539,77.64083412886617,12.923976051130884,77.64726874829438
2026-09-28T11:07:00Z,2026-09-28 16:37:00,old_airport_konena,ok,FRC2,24,33,2196,1597,1,False,12.956720480405576,77.74534372094678,12.972658179083226,77.61948508620713
2026-09-28T11:07:00Z,2026-09-28 16:37:00,varthur_kundalahalli,ok,FRC2,23,35,2287,1503,1,False,12.972670267685029,77.61953604817847,12.956926979936062,77.74537054303693
2026-09-28T11:22:00Z,2026-09-28 16:52:00,orr_hsr,ok,FRC1,35,42,73,60,1,False,12.917273237323744,77.64092666507719,12.916244577017903,77.63487560153817
2026-09-28T11:22:00Z,2026-09-28 16:52:00,orr_iblur,ok,FRC1,28,42,253,169,1,False,12.92075738312682,77.66533074380487,12.928526460252453,77.68170697094911
2026-09-28T11:22:00Z,2026-09-28 16:52:00,orr_bellandur,ok,FRC1,49,49,51,51,1,False,12.928526460252453,77.68170697094911,12.93191543996225,77.68717197181826
2026-09-28T11:22:00Z,2026-09-28 16:52:00,orr_marathahalli,ok,FRC1,7,40,1996,349,1,False,12.969829756831466,77.70065275433024,12.937285233242429,77.69319621326713
2026-09-28T11:22:00Z,2026-09-28 16:52:00,orr_doddanekundi,ok,FRC1,23,42,1154,632,1,False,12.94125482917495,77.69626600148536,13.000288982126634,77.68031892778362
2026-09-28T11:22:00Z,2026-09-28 16:52:00,orr_mahadevapura,ok,FRC1,33,46,463,332,1,False,13.000373429575006,77.67881152631685,12.969829756831466,77.70065275433024
2026-09-28T11:22:00Z,2026-09-28 16:52:00,hosur_bommanahalli,ok,FRC1,40,40,58,58,1,False,12.909218593796567,77.62749282122297,12.91427319093241,77.62440291643713
2026-09-28T11:22:00Z,2026-09-28 16:52:00,sarjapur_agara,ok,FRC1,32,38,115,96,1,False,12.917313432684539,77.64083412886617,12.923976051130884,77.64726874829438
2026-09-28T11:22:00Z,2026-09-28 16:52:00,old_airport_konena,ok,FRC2,23,33,2292,1597,1,False,12.956720480405576,77.74534372094678,12.972658179083226,77.61948508620713
2026-09-28T11:22:00Z,2026-09-28 16:52:00,varthur_kundalahalli,ok,FRC2,24,35,2192,1503,1,False,12.972670267685029,77.61953604817847,12.956926979936062,77.74537054303693
2026-09-28T11:37:00Z,2026-09-28 17:07:00,orr_hsr,ok,FRC1,31,42,82,60,1,False,12.917273237323744,77.64092666507719,12.916244577017903,77.63487560153817
2026-09-28T11:37:00Z,2026-09-28 17:07:00,orr_iblur,ok,FRC1,16,45,444,157,1,False,12.92075738312682,77.66533074380487,12.928526460252453,77.68170697094911
2026-09-28T11:37:00Z,2026-09-28 17:07:00,orr_bellandur,ok,FRC1,49,49,51,51,1,False,12.928526460252453,77.68170697094911,12.93191543996225,77.68717197181826
2026-09-28T11:37:00Z,2026-09-28 17:07:00,orr_marathahalli,ok,FRC1,5,41,2795,340,1,False,12.969829756831466,77.70065275433024,12.937285233242429,77.69319621326713
2026-09-28T11:37:00Z,2026-09-28 17:07:00,orr_doddanekundi,ok,FRC1,27,41,983,647,1,False,12.94125482917495,77.69626600148536,13.000288982126634,77.68031892778362
2026-09-28T11:37:00Z,2026-09-28 17:07:00,orr_mahadevapura,ok,FRC1,37,46,413,332,1,False,13.000373429575006,77.67881152631685,12.969829756831466,77.70065275433024
2026-09-28T11:37:00Z,2026-09-28 17:07:00,hosur_bommanahalli,ok,FRC1,40,40,58,58,1,False,12.909218593796567,77.62749282122297,12.91427319093241,77.62440291643713
2026-09-28T11:37:00Z,2026-09-28 17:07:00,sarjapur_agara,ok,FRC1,39,39,94,94,1,False,12.917313432684539,77.64083412886617,12.923976051130884,77.64726874829438
2026-09-28T11:37:00Z,2026-09-28 17:07:00,old_airport_konena,ok,FRC2,22,33,2396,1597,1,False,12.956720480405576,77.74534372094678,12.972658179083226,77.61948508620713
2026-09-28T11:37:00Z,2026-09-28 17:07:00,varthur_kundalahalli,ok,FRC2,24,35,2192,1503,1,False,12.972670267685029,77.61953604817847,12.956926979936062,77.74537054303693
2026-09-28T11:52:00Z,2026-09-28 17:22:00,orr_hsr,ok,FRC1,28,42,91,60,1,False,12.917273237323744,77.64092666507719,12.916244577017903,77.63487560153817
2026-09-28T11:52:00Z,2026-09-28 17:22:00,orr_iblur,ok,FRC1,9,46,789,154,1,False,12.92075738312682,77.66533074380487,12.928526460252453,77.68170697094911
2026-09-28T11:52:00Z,2026-09-28 17:22:00,orr_bellandur,ok,FRC1,49,49,51,51,1,False,12.928526460252453,77.68170697094911,12.93191543996225,77.68717197181826
2026-09-28T11:52:00Z,2026-09-28 17:22:00,orr_marathahalli,ok,FRC1,5,45,2795,310,1,False,12.969829756831466,77.70065275433024,12.937285233242429,77.69319621326713
2026-09-28T11:52:00Z,2026-09-28 17:22:00,orr_doddanekundi,ok,FRC1,27,41,983,647,1,False,12.94125482917495,77.69626600148536,13.000288982126634,77.68031892778362
2026-09-28T11:52:00Z,2026-09-28 17:22:00,orr_mahadevapura,ok,FRC1,34,46,449,332,1,False,13.000373429575006,77.67881152631685,12.969829756831466,77.70065275433024
2026-09-28T11:52:00Z,2026-09-28 17:22:00,hosur_bommanahalli,ok,FRC1,31,38,75,61,1,False,12.909218593796567,77.62749282122297,12.91427319093241,77.62440291643713
2026-09-28T11:52:00Z,2026-09-28 17:22:00,sarjapur_agara,ok,FRC1,39,39,94,94,1,False,12.917313432684539,77.64083412886617,12.923976051130884,77.64726874829438
2026-09-28T11:52:00Z,2026-09-28 17:22:00,old_airport_konena,ok,FRC2,23,33,2292,1597,1,False,12.956720480405576,77.74534372094678,12.972658179083226,77.61948508620713
2026-09-28T11:52:00Z,2026-09-28 17:22:00,varthur_kundalahalli,ok,FRC2,24,35,2192,1503,1,False,12.972670267685029,77.61953604817847,12.956926979936062,77.74537054303693
2026-09-28T12:07:00Z,2026-09-28 17:37:00,orr_hsr,ok,FRC1,33,43,77,59,1,False,12.917273237323744,77.64092666507719,12.916244577017903,77.63487560153817
2026-09-28T12:07:00Z,2026-09-28 17:37:00,orr_iblur,ok,FRC1,7,41,1015,173,1,False,12.92075738312682,77.66533074380487,12.928526460252453,77.68170697094911
2026-09-28T12:07:00Z,2026-09-28 17:37:00,orr_bellandur,ok,FRC1,35,48,72,53,1,False,12.928526460252453,77.68170697094911,12.93191543996225,77.68717197181826
2026-09-28T12:07:00Z,2026-09-28 17:37:00,orr_marathahalli,ok,FRC1,6,41,2329,340,1,False,12.969829756831466,77.70065275433024,12.937285233242429,77.69319621326713
2026-09-28T12:07:00Z,2026-09-28 17:37:00,orr_doddanekundi,ok,FRC1,27,41,983,647,1,False,12.94125482917495,77.69626600148536,13.000288982126634,77.68031892778362
2026-09-28T12:07:00Z,2026-09-28 17:37:00,orr_mahadevapura,ok,FRC1,29,45,527,339,1,False,13.000373429575006,77.67881152631685,12.969829756831466,77.70065275433024
2026-09-28T12:07:00Z,2026-09-28 17:37:00,hosur_bommanahalli,ok,FRC1,31,39,75,60,1,False,12.909218593796567,77.62749282122297,12.91427319093241,77.62440291643713
2026-09-28T12:07:00Z,2026-09-28 17:37:00,sarjapur_agara,ok,FRC1,32,39,115,94,1,False,12.917313432684539,77.64083412886617,12.923976051130884,77.64726874829438
2026-09-28T12:07:00Z,2026-09-28 17:37:00,old_airport_konena,ok,FRC2,23,33,2292,1597,1,False,12.956720480405576,77.74534372094678,12.972658179083226,77.61948508620713
2026-09-28T12:07:00Z,2026-09-28 17:37:00,varthur_kundalahalli,ok,FRC2,22,35,2391,1503,1,False,12.972670267685029,77.61953604817847,12.956926979936062,77.74537054303693
2026-09-28T12:22:00Z,2026-09-28 17:52:00,orr_hsr,ok,FRC1,25,42,102,60,1,False,12.917273237323744,77.64092666507719,12.916244577017903,77.63487560153817
2026-09-28T12:22:00Z,2026-09-28 17:52:00,orr_iblur,ok,FRC1,6,40,1184,177,1,False,12.92075738312682,77.66533074380487,12.928526460252453,77.68170697094911
2026-09-28T12:22:00Z,2026-09-28 17:52:00,orr_bellandur,ok,FRC1,28,48,90,53,1,False,12.928526460252453,77.68170697094911,12.93191543996225,77.68717197181826
2026-09-28T12:22:00Z,2026-09-28 17:52:00,orr_marathahalli,ok,FRC1,4,39,3494,358,1,False,12.969829756831466,77.70065275433024,12.937285233242429,77.69319621326713
2026-09-28T12:22:00Z,2026-09-28 17:52:00,orr_doddanekundi,ok,FRC1,25,42,1062,632,1,False,12.94125482917495,77.69626600148536,13.000288982126634,77.68031892778362
2026-09-28T12:22:00Z,2026-09-28 17:52:00,orr_mahadevapura,ok,FRC1,22,45,695,339,1,False,13.000373429575006,77.67881152631685,12.969829756831466,77.70065275433024
2026-09-28T12:22:00Z,2026-09-28 17:52:00,hosur_bommanahalli,ok,FRC1,24,39,98,60,1,False,12.909218593796567,77.62749282122297,12.91427319093241,77.62440291643713
2026-09-28T12:22:00Z,2026-09-28 17:52:00,sarjapur_agara,ok,FRC1,39,39,94,94,1,False,12.917313432684539,77.64083412886617,12.923976051130884,77.64726874829438
2026-09-28T12:22:00Z,2026-09-28 17:52:00,old_airport_konena,ok,FRC2,21,33,2510,1597,1,False,12.956720480405576,77.74534372094678,12.972658179083226,77.61948508620713
2026-09-28T12:22:00Z,2026-09-28 17:52:00,varthur_kundalahalli,ok,FRC2,21,35,2505,1503,1,False,12.972670267685029,77.61953604817847,12.956926979936062,77.74537054303693
2026-09-28T12:37:00Z,2026-09-28 18:07:00,orr_hsr,ok,FRC1,30,43,85,59,1,False,12.917273237323744,77.64092666507719,12.916244577017903,77.63487560153817
2026-09-28T12:37:00Z,2026-09-28 18:07:00,orr_iblur,ok,FRC1,4,40,1777,177,1,False,12.92075738312682,77.66533074380487,12.928526460252453,77.68170697094911
2026-09-28T12:37:00Z,2026-09-28 18:07:00,orr_bellandur,ok,FRC1,27,48,94,53,1,False,12.928526460252453,77.68170697094911,12.93191543996225,77.68717197181826
2026-09-28T12:37:00Z,2026-09-28 18:07:00,orr_marathahalli,ok,FRC1,3,41,4658,340,1,False,12.969829756831466,77.70065275433024,12.937285233242429,77.69319621326713
2026-09-28T12:37:00Z,2026-09-28 18:07:00,orr_doddanekundi,ok,FRC1,27,41,983,647,1,False,12.94125482917495,77.69626600148536,13.000288982126634,77.68031892778362
2026-09-28T12:37:00Z,2026-09-28 18:07:00,orr_mahadevapura,ok,FRC1,17,47,899,325,1,False,13.000373429575006,77.67881152631685,12.969829756831466,77.70065275433024
2026-09-28T12:37:00Z,2026-09-28 18:07:00,hosur_bommanahalli,ok,FRC1,27,39,87,60,1,False,12.909218593796567,77.62749282122297,12.91427319093241,77.62440291643713
2026-09-28T12:37:00Z,2026-09-28 18:07:00,sarjapur_agara,ok,FRC1,25,38,147,96,1,False,12.917313432684539,77.64083412886617,12.923976051130884,77.64726874829438
2026-09-28T12:37:00Z,2026-09-28 18:07:00,old_airport_konena,ok,FRC2,22,33,2396,1597,1,False,12.956720480405576,77.74534372094678,12.972658179083226,77.61948508620713
2026-09-28T12:37:00Z,2026-09-28 18:07:00,varthur_kundalahalli,ok,FRC2,19,35,2769,1503,1,False,12.972670267685029,77.61953604817847,12.956926979936062,77.74537054303693
2026-09-28T12:52:00Z,2026-09-28 18:22:00,orr_hsr,ok,FRC1,34,43,75,59,1,False,12.917273237323744,77.64092666507719,12.916244577017903,77.63487560153817
2026-09-28T12:52:00Z,2026-09-28 18:22:00,orr_iblur,ok,FRC1,4,43,1777,165,1,False,12.92075738312682,77.66533074380487,12.928526460252453,77.68170697094911
2026-09-28T12:52:00Z,2026-09-28 18:22:00,orr_bellandur,ok,FRC1,36,48,70,53,1,False,12.928526460252453,77.68170697094911,12.93191543996225,77.68717197181826
2026-09-28T12:52:00Z,2026-09-28 18:22:00,orr_marathahalli,ok,FRC1,2,39,6988,358,1,False,12.969829756831466,77.70065275433024,12.937285233242429,77.69319621326713
2026-09-28T12:52:00Z,2026-09-28 18:22:00,orr_doddanekundi,ok,FRC1,27,41,983,647,1,False,12.94125482917495,77.69626600148536,13.000288982126634,77.68031892778362
2026-09-28T12:52:00Z,2026-09-28 18:22:00,orr_mahadevapura,ok,FRC1,20,45,764,339,1,False,13.000373429575006,77.67881152631685,12.969829756831466,77.70065275433024
2026-09-28T12:52:00Z,2026-09-28 18:22:00,hosur_bommanahalli,ok,FRC1,26,40,90,58,1,False,12.909218593796567,77.62749282122297,12.91427319093241,77.62440291643713
2026-09-28T12:52:00Z,2026-09-28 18:22:00,sarjapur_agara,ok,FRC1,18,38,204,96,1,False,12.917313432684539,77.64083412886617,12.923976051130884,77.64726874829438
2026-09-28T12:52:00Z,2026-09-28 18:22:00,old_airport_konena,ok,FRC2,20,33,2636,1597,1,False,12.956720480405576,77.74534372094678,12.972658179083226,77.61948508620713
2026-09-28T12:52:00Z,2026-09-28 18:22:00,varthur_kundalahalli,ok,FRC2,17,35,3095,1503,1,False,12.972670267685029,77.61953604817847,12.956926979936062,77.74537054303693
2026-09-28T13:07:00Z,2026-09-28 18:37:00,orr_hsr,ok,FRC1,31,42,82,60,1,False,12.917273237323744,77.64092666507719,12.916244577017903,77.63487560153817
2026-09-28T13:07:00Z,2026-09-28 18:37:00,orr_iblur,ok,FRC1,6,41,1184,173,1,False,12.92075738312682,77.66533074380487,12.928526460252453,77.68170697094911
2026-09-28T13:07:00Z,2026-09-28 18:37:00,orr_bellandur,ok,FRC1,28,48,90,53,1,False,12.928526460252453,77.68170697094911,12.93191543996225,77.68717197181826
2026-09-28T13:07:00Z,2026-09-28 18:37:00,orr_marathahalli,ok,FRC1,1,42,13976,332,0.992962,False,12.969829756831466,77.70065275433024,12.937285233242429,77.69319621326713
2026-09-28T13:07:00Z,2026-09-28 18:37:00,orr_doddanekundi,ok,FRC1,30,41,885,647,1,False,12.94125482917495,77.69626600148536,13.000288982126634,77.68031892778362
2026-09-28T13:07:00Z,2026-09-28 18:37:00,orr_mahadevapura,ok,FRC1,17,45,899,339,1,False,13.000373429575006,77.67881152631685,12.969829756831466,77.70065275433024
2026-09-28T13:07:00Z,2026-09-28 18:37:00,hosur_bommanahalli,ok,FRC1,26,40,90,58,1,False,12.909218593796567,77.62749282122297,12.91427319093241,77.62440291643713
2026-09-28T13:07:00Z,2026-09-28 18:37:00,sarjapur_agara,ok,FRC1,17,38,216,96,1,False,12.917313432684539,77.64083412886617,12.923976051130884,77.64726874829438
2026-09-28T13:07:00Z,2026-09-28 18:37:00,old_airport_konena,ok,FRC2,20,33,2636,1597,1,False,12.956720480405576,77.74534372094678,12.972658179083226,77.61948508620713
2026-09-28T13:07:00Z,2026-09-28 18:37:00,varthur_kundalahalli,ok,FRC2,16,35,3288,1503,1,False,12.972670267685029,77.61953604817847,12.956926979936062,77.74537054303693
2026-09-28T13:22:00Z,2026-09-28 18:52:00,orr_hsr,ok,FRC1,27,42,94,60,1,False,12.917273237323744,77.64092666507719,12.916244577017903,77.63487560153817
2026-09-28T13:22:00Z,2026-09-28 18:52:00,orr_iblur,ok,FRC1,6,40,1184,177,1,False,12.92075738312682,77.66533074380487,12.928526460252453,77.68170697094911
2026-09-28T13:22:00Z,2026-09-28 18:52:00,orr_bellandur,ok,FRC1,20,52,127,48,1,False,12.928526460252453,77.68170697094911,12.93191543996225,77.68717197181826
2026-09-28T13:22:00Z,2026-09-28 18:52:00,orr_marathahalli,ok,FRC1,2,37,6988,377,0.947963,False,12.969829756831466,77.70065275433024,12.937285233242429,77.69319621326713
2026-09-28T13:22:00Z,2026-09-28 18:52:00,orr_doddanekundi,ok,FRC1,30,41,885,647,1,False,12.94125482917495,77.69626600148536,13.000288982126634,77.68031892778362
2026-09-28T13:22:00Z,2026-09-28 18:52:00,orr_mahadevapura,ok,FRC1,17,48,899,318,0.996703,False,13.000373429575006,77.67881152631685,12.969829756831466,77.70065275433024
2026-09-28T13:22:00Z,2026-09-28 18:52:00,hosur_bommanahalli,ok,FRC1,22,40,107,58,1,False,12.909218593796567,77.62749282122297,12.91427319093241,77.62440291643713
2026-09-28T13:22:00Z,2026-09-28 18:52:00,sarjapur_agara,ok,FRC1,13,37,283,99,1,False,12.917313432684539,77.64083412886617,12.923976051130884,77.64726874829438
2026-09-28T13:22:00Z,2026-09-28 18:52:00,old_airport_konena,ok,FRC2,20,33,2636,1597,1,False,12.956720480405576,77.74534372094678,12.972658179083226,77.61948508620713
2026-09-28T13:22:00Z,2026-09-28 18:52:00,varthur_kundalahalli,ok,FRC2,17,36,3095,1461,0.998884,False,12.972670267685029,77.61953604817847,12.956926979936062,77.74537054303693
2026-09-28T13:37:00Z,2026-09-28 19:07:00,orr_hsr,ok,FRC1,17,41,150,62,1,False,12.917273237323744,77.64092666507719,12.916244577017903,77.63487560153817
2026-09-28T13:37:00Z,2026-09-28 19:07:00,orr_iblur,ok,FRC1,4,39,1777,182,1,False,12.92075738312682,77.66533074380487,12.928526460252453,77.68170697094911
2026-09-28T13:37:00Z,2026-09-28 19:07:00,orr_bellandur,ok,FRC1,9,49,283,51,1,False,12.928526460252453,77.68170697094911,12.93191543996225,77.68717197181826
2026-09-28T13:37:00Z,2026-09-28 19:07:00,orr_marathahalli,ok,FRC1,2,40,6988,349,0.985957,False,12.969829756831466,77.70065275433024,12.937285233242429,77.69319621326713
2026-09-28T13:37:00Z,2026-09-28 19:07:00,orr_doddanekundi,ok,FRC1,27,41,983,647,1,False,12.94125482917495,77.69626600148536,13.000288982126634,77.68031892778362
2026-09-28T13:37:00Z,2026-09-28 19:07:00,orr_mahadevapura,ok,FRC1,18,46,849,332,0.995592,False,13.000373429575006,77.67881152631685,12.969829756831466,77.70065275433024
2026-09-28T13:37:00Z,2026-09-28 19:07:00,hosur_bommanahalli,ok,FRC1,19,40,123,58,1,False,12.909218593796567,77.62749282122297,12.91427319093241,77.62440291643713
2026-09-28T13:37:00Z,2026-09-28 19:07:00,sarjapur_agara,ok,FRC1,28,38,131,96,1,False,12.917313432684539,77.64083412886617,12.923976051130884,77.64726874829438
2026-09-28T13:37:00Z,2026-09-28 19:07:00,old_airport_konena,ok,FRC2,19,32,2775,1647,1,False,12.956720480405576,77.74534372094678,12.972658179083226,77.61948508620713
2026-09-28T13:37:00Z,2026-09-28 19:07:00,varthur_kundalahalli,ok,FRC2,18,35,2923,1503,1,False,12.972670267685029,77.61953604817847,12.956926979936062,77.74537054303693
2026-09-28T13:52:00Z,2026-09-28 19:22:00,orr_hsr,ok,FRC1,16,42,160,60,1,False,12.917273237323744,77.64092666507719,12.916244577017903,77.63487560153817
2026-09-28T13:52:00Z,2026-09-28 19:22:00,orr_iblur,ok,FRC1,6,40,1184,177,1,False,12.92075738312682,77.66533074380487,12.928526460252453,77.68170697094911
2026-09-28T13:52:00Z,2026-09-28 19:22:00,orr_bellandur,ok,FRC1,10,49,254,51,1,False,12.928526460252453,77.68170697094911,12.93191543996225,77.68717197181826
2026-09-28T13:52:00Z,2026-09-28 19:22:00,orr_marathahalli,ok,FRC1,4,41,3494,340,0.994459,False,12.969829756831466,77.70065275433024,12.937285233242429,77.69319621326713
2026-09-28T13:52:00Z,2026-09-28 19:22:00,orr_doddanekundi,ok,FRC1,26,41,1021,647,1,False,12.94125482917495,77.69626600148536,13.000288982126634,77.68031892778362
2026-09-28T13:52:00Z,2026-09-28 19:22:00,orr_mahadevapura,ok,FRC1,17,45,899,339,1,False,13.000373429575006,77.67881152631685,12.969829756831466,77.70065275433024
2026-09-28T13:52:00Z,2026-09-28 19:22:00,hosur_bommanahalli,ok,FRC1,16,40,147,58,1,False,12.909218593796567,77.62749282122297,12.91427319093241,77.62440291643713
2026-09-28T13:52:00Z,2026-09-28 19:22:00,sarjapur_agara,ok,FRC1,20,38,184,96,1,False,12.917313432684539,77.64083412886617,12.923976051130884,77.64726874829438
2026-09-28T13:52:00Z,2026-09-28 19:22:00,old_airport_konena,ok,FRC2,19,33,2775,1597,1,False,12.956720480405576,77.74534372094678,12.972658179083226,77.61948508620713
2026-09-28T13:52:00Z,2026-09-28 19:22:00,varthur_kundalahalli,ok,FRC2,17,35,3095,1503,1,False,12.972670267685029,77.61953604817847,12.956926979936062,77.74537054303693
2026-09-28T14:07:01Z,2026-09-28 19:37:01,orr_hsr,ok,FRC1,18,42,142,60,1,False,12.917273237323744,77.64092666507719,12.916244577017903,77.63487560153817
2026-09-28T14:07:01Z,2026-09-28 19:37:01,orr_iblur,ok,FRC1,5,39,1421,182,1,False,12.92075738312682,77.66533074380487,12.928526460252453,77.68170697094911
2026-09-28T14:07:01Z,2026-09-28 19:37:01,orr_bellandur,ok,FRC1,19,50,134,50,1,False,12.928526460252453,77.68170697094911,12.93191543996225,77.68717197181826
2026-09-28T14:07:01Z,2026-09-28 19:37:01,orr_marathahalli,ok,FRC1,4,40,3494,349,1,False,12.969829756831466,77.70065275433024,12.937285233242429,77.69319621326713
2026-09-28T14:07:01Z,2026-09-28 19:37:01,orr_doddanekundi,ok,FRC1,25,41,1062,647,1,False,12.94125482917495,77.69626600148536,13.000288982126634,77.68031892778362
2026-09-28T14:07:01Z,2026-09-28 19:37:01,orr_mahadevapura,ok,FRC1,18,49,849,312,1,False,13.000373429575006,77.67881152631685,12.969829756831466,77.70065275433024
2026-09-28T14:07:01Z,2026-09-28 19:37:01,hosur_bommanahalli,ok,FRC1,32,40,73,58,1,False,12.909218593796567,77.62749282122297,12.91427319093241,77.62440291643713
2026-09-28T14:07:01Z,2026-09-28 19:37:01,sarjapur_agara,ok,FRC1,21,38,175,96,1,False,12.917313432684539,77.64083412886617,12.923976051130884,77.64726874829438
2026-09-28T14:07:01Z,2026-09-28 19:37:01,old_airport_konena,ok,FRC2,20,32,2636,1647,1,False,12.956720480405576,77.74534372094678,12.972658179083226,77.61948508620713
2026-09-28T14:07:01Z,2026-09-28 19:37:01,varthur_kundalahalli,ok,FRC2,17,35,3095,1503,0.999699,False,12.972670267685029,77.61953604817847,12.956926979936062,77.74537054303693
2026-09-28T14:22:00Z,2026-09-28 19:52:00,orr_hsr,ok,FRC1,33,42,77,60,1,False,12.917273237323744,77.64092666507719,12.916244577017903,77.63487560153817
2026-09-28T14:22:00Z,2026-09-28 19:52:00,orr_iblur,ok,FRC1,7,47,1015,151,1,False,12.92075738312682,77.66533074380487,12.928526460252453,77.68170697094911
2026-09-28T14:22:00Z,2026-09-28 19:52:00,orr_bellandur,ok,FRC1,4,48,636,53,1,False,12.928526460252453,77.68170697094911,12.93191543996225,77.68717197181826
2026-09-28T14:22:00Z,2026-09-28 19:52:00,orr_marathahalli,ok,FRC1,9,40,1552,349,1,False,12.969829756831466,77.70065275433024,12.937285233242429,77.69319621326713
2026-09-28T14:22:00Z,2026-09-28 19:52:00,orr_doddanekundi,ok,FRC1,32,42,830,632,1,False,12.94125482917495,77.69626600148536,13.000288982126634,77.68031892778362
2026-09-28T14:22:00Z,2026-09-28 19:52:00,orr_mahadevapura,ok,FRC1,18,46,849,332,1,False,13.000373429575006,77.67881152631685,12.969829756831466,77.70065275433024
2026-09-28T14:22:00Z,2026-09-28 19:52:00,hosur_bommanahalli,ok,FRC1,26,39,90,60,1,False,12.909218593796567,77.62749282122297,12.91427319093241,77.62440291643713
2026-09-28T14:22:00Z,2026-09-28 19:52:00,sarjapur_agara,ok,FRC1,20,39,184,94,1,False,12.917313432684539,77.64083412886617,12.923976051130884,77.64726874829438
2026-09-28T14:22:00Z,2026-09-28 19:52:00,old_airport_konena,ok,FRC2,21,33,2510,1597,1,False,12.956720480405576,77.74534372094678,12.972658179083226,77.61948508620713
2026-09-28T14:22:00Z,2026-09-28 19:52:00,varthur_kundalahalli,ok,FRC2,19,35,2769,1503,1,False,12.972670267685029,77.61953604817847,12.956926979936062,77.74537054303693
2026-09-28T14:37:00Z,2026-09-28 20:07:00,orr_hsr,ok,FRC1,43,43,59,59,1,False,12.917273237323744,77.64092666507719,12.916244577017903,77.63487560153817
2026-09-28T14:37:00Z,2026-09-28 20:07:00,orr_iblur,ok,FRC1,2,37,3554,192,1,False,12.92075738312682,77.66533074380487,12.928526460252453,77.68170697094911
2026-09-28T14:37:00Z,2026-09-28 20:07:00,orr_bellandur,ok,FRC1,3,56,849,45,0.98,False,12.928526460252453,77.68170697094911,12.93191543996225,77.68717197181826
2026-09-28T14:37:00Z,2026-09-28 20:07:00,orr_marathahalli,ok,FRC1,9,43,1552,325,0.995629,False,12.969829756831466,77.70065275433024,12.937285233242429,77.69319621326713
2026-09-28T14:37:00Z,2026-09-28 20:07:00,orr_doddanekundi,ok,FRC1,41,41,647,647,1,False,12.94125482917495,77.69626600148536,13.000288982126634,77.68031892778362
2026-09-28T14:37:00Z,2026-09-28 20:07:00,orr_mahadevapura,ok,FRC1,21,47,728,325,1,False,13.000373429575006,77.67881152631685,12.969829756831466,77.70065275433024
2026-09-28T14:37:00Z,2026-09-28 20:07:00,hosur_bommanahalli,ok,FRC1,19,38,123,61,1,False,12.909218593796567,77.62749282122297,12.91427319093241,77.62440291643713
2026-09-28T14:37:00Z,2026-09-28 20:07:00,sarjapur_agara,ok,FRC1,23,38,160,96,1,False,12.917313432684539,77.64083412886617,12.923976051130884,77.64726874829438
2026-09-28T14:37:00Z,2026-09-28 20:07:00,old_airport_konena,ok,FRC2,23,33,2292,1597,1,False,12.956720480405576,77.74534372094678,12.972658179083226,77.61948508620713
2026-09-28T14:37:00Z,2026-09-28 20:07:00,varthur_kundalahalli,ok,FRC2,20,35,2631,1503,1,False,12.972670267685029,77.61953604817847,12.956926979936062,77.74537054303693
2026-09-28T14:52:00Z,2026-09-28 20:22:00,orr_hsr,ok,FRC1,43,43,59,59,1,False,12.917273237323744,77.64092666507719,12.916244577017903,77.63487560153817
2026-09-28T14:52:00Z,2026-09-28 20:22:00,orr_iblur,ok,FRC1,2,42,3554,169,0.99,False,12.92075738312682,77.66533074380487,12.928526460252453,77.68170697094911
2026-09-28T14:52:00Z,2026-09-28 20:22:00,orr_bellandur,ok,FRC1,4,50,636,50,1,False,12.928526460252453,77.68170697094911,12.93191543996225,77.68717197181826
2026-09-28T14:52:00Z,2026-09-28 20:22:00,orr_marathahalli,ok,FRC1,6,40,2329,349,1,False,12.969829756831466,77.70065275433024,12.937285233242429,77.69319621326713
2026-09-28T14:52:00Z,2026-09-28 20:22:00,orr_doddanekundi,ok,FRC1,35,41,758,647,1,False,12.94125482917495,77.69626600148536,13.000288982126634,77.68031892778362
2026-09-28T14:52:00Z,2026-09-28 20:22:00,orr_mahadevapura,ok,FRC1,19,47,805,325,1,False,13.000373429575006,77.67881152631685,12.969829756831466,77.70065275433024
2026-09-28T14:52:00Z,2026-09-28 20:22:00,hosur_bommanahalli,ok,FRC1,40,40,58,58,1,False,12.909218593796567,77.62749282122297,12.91427319093241,77.62440291643713
2026-09-28T14:52:00Z,2026-09-28 20:22:00,sarjapur_agara,ok,FRC1,21,39,175,94,1,False,12.917313432684539,77.64083412886617,12.923976051130884,77.64726874829438
2026-09-28T14:52:00Z,2026-09-28 20:22:00,old_airport_konena,ok,FRC2,23,33,2292,1597,1,False,12.956720480405576,77.74534372094678,12.972658179083226,77.61948508620713
2026-09-28T14:52:00Z,2026-09-28 20:22:00,varthur_kundalahalli,ok,FRC2,23,35,2287,1503,1,False,12.972670267685029,77.61953604817847,12.956926979936062,77.74537054303693
2026-09-28T15:07:00Z,2026-09-28 20:37:00,orr_hsr,ok,FRC1,43,43,59,59,1,False,12.917273237323744,77.64092666507719,12.916244577017903,77.63487560153817
2026-09-28T15:07:00Z,2026-09-28 20:37:00,orr_iblur,ok,FRC1,4,47,1777,151,1,False,12.92075738312682,77.66533074380487,12.928526460252453,77.68170697094911
2026-09-28T15:07:00Z,2026-09-28 20:37:00,orr_bellandur,ok,FRC1,5,54,509,47,1,False,12.928526460252453,77.68170697094911,12.93191543996225,77.68717197181826
2026-09-28T15:07:00Z,2026-09-28 20:37:00,orr_marathahalli,ok,FRC1,3,42,4658,332,1,False,12.969829756831466,77.70065275433024,12.937285233242429,77.69319621326713
2026-09-28T15:07:00Z,2026-09-28 20:37:00,orr_doddanekundi,ok,FRC1,33,41,804,647,1,False,12.94125482917495,77.69626600148536,13.000288982126634,77.68031892778362
2026-09-28T15:07:00Z,2026-09-28 20:37:00,orr_mahadevapura,ok,FRC1,21,45,728,339,1,False,13.000373429575006,77.67881152631685,12.969829756831466,77.70065275433024
2026-09-28T15:07:00Z,2026-09-28 20:37:00,hosur_bommanahalli,ok,FRC1,40,40,58,58,1,False,12.909218593796567,77.62749282122297,12.91427319093241,77.62440291643713
2026-09-28T15:07:00Z,2026-09-28 20:37:00,sarjapur_agara,ok,FRC1,19,38,193,96,1,False,12.917313432684539,77.64083412886617,12.923976051130884,77.64726874829438
2026-09-28T15:07:00Z,2026-09-28 20:37:00,old_airport_konena,ok,FRC2,24,32,2196,1647,1,False,12.956720480405576,77.74534372094678,12.972658179083226,77.61948508620713
2026-09-28T15:07:00Z,2026-09-28 20:37:00,varthur_kundalahalli,ok,FRC2,24,35,2192,1503,1,False,12.972670267685029,77.61953604817847,12.956926979936062,77.74537054303693
2026-09-28T15:22:00Z,2026-09-28 20:52:00,orr_hsr,ok,FRC1,43,43,59,59,1,False,12.917273237323744,77.64092666507719,12.916244577017903,77.63487560153817
2026-09-28T15:22:00Z,2026-09-28 20:52:00,orr_iblur,ok,FRC1,3,39,2369,182,1,False,12.92075738312682,77.66533074380487,12.928526460252453,77.68170697094911
2026-09-28T15:22:00Z,2026-09-28 20:52:00,orr_bellandur,ok,FRC1,6,48,424,53,1,False,12.928526460252453,77.68170697094911,12.93191543996225,77.68717197181826
2026-09-28T15:22:00Z,2026-09-28 20:52:00,orr_marathahalli,ok,FRC1,8,38,1747,367,0.994472,False,12.969829756831466,77.70065275433024,12.937285233242429,77.69319621326713
2026-09-28T15:22:00Z,2026-09-28 20:52:00,orr_doddanekundi,ok,FRC1,31,42,856,632,1,False,12.94125482917495,77.69626600148536,13.000288982126634,77.68031892778362
2026-09-28T15:22:00Z,2026-09-28 20:52:00,orr_mahadevapura,ok,FRC1,21,44,728,347,0.994808,False,13.000373429575006,77.67881152631685,12.969829756831466,77.70065275433024
2026-09-28T15:22:00Z,2026-09-28 20:52:00,hosur_bommanahalli,ok,FRC1,40,40,58,58,1,False,12.909218593796567,77.62749282122297,12.91427319093241,77.62440291643713
2026-09-28T15:22:00Z,2026-09-28 20:52:00,sarjapur_agara,ok,FRC1,21,38,175,96,1,False,12.917313432684539,77.64083412886617,12.923976051130884,77.64726874829438
2026-09-28T15:22:00Z,2026-09-28 20:52:00,old_airport_konena,ok,FRC2,26,33,2027,1597,1,False,12.956720480405576,77.74534372094678,12.972658179083226,77.61948508620713
2026-09-28T15:22:00Z,2026-09-28 20:52:00,varthur_kundalahalli,ok,FRC2,24,35,2192,1503,0.999542,False,12.972670267685029,77.61953604817847,12.956926979936062,77.74537054303693
2026-09-28T15:37:00Z,2026-09-28 21:07:00,orr_hsr,ok,FRC1,43,43,59,59,1,False,12.917273237323744,77.64092666507719,12.916244577017903,77.63487560153817
2026-09-28T15:37:00Z,2026-09-28 21:07:00,orr_iblur,ok,FRC1,9,42,789,169,1,False,12.92075738312682,77.66533074380487,12.928526460252453,77.68170697094911
2026-09-28T15:37:00Z,2026-09-28 21:07:00,orr_bellandur,ok,FRC1,8,52,318,48,1,False,12.928526460252453,77.68170697094911,12.93191543996225,77.68717197181826
2026-09-28T15:37:00Z,2026-09-28 21:07:00,orr_marathahalli,ok,FRC1,10,38,1397,367,1,False,12.969829756831466,77.70065275433024,12.937285233242429,77.69319621326713
2026-09-28T15:37:00Z,2026-09-28 21:07:00,orr_doddanekundi,ok,FRC1,31,41,856,647,1,False,12.94125482917495,77.69626600148536,13.000288982126634,77.68031892778362
2026-09-28T15:37:00Z,2026-09-28 21:07:00,orr_mahadevapura,ok,FRC1,21,47,728,325,0.968893,False,13.000373429575006,77.67881152631685,12.969829756831466,77.70065275433024
2026-09-28T15:37:00Z,2026-09-28 21:07:00,hosur_bommanahalli,ok,FRC1,40,40,58,58,1,False,12.909218593796567,77.62749282122297,12.91427319093241,77.62440291643713
2026-09-28T15:37:00Z,2026-09-28 21:07:00,sarjapur_agara,ok,FRC1,26,39,141,94,1,False,12.917313432684539,77.64083412886617,12.923976051130884,77.64726874829438
2026-09-28T15:37:00Z,2026-09-28 21:07:00,old_airport_konena,ok,FRC2,26,33,2027,1597,1,False,12.956720480405576,77.74534372094678,12.972658179083226,77.61948508620713
2026-09-28T15:37:00Z,2026-09-28 21:07:00,varthur_kundalahalli,ok,FRC2,25,35,2104,1503,1,False,12.972670267685029,77.61953604817847,12.956926979936062,77.74537054303693
2026-09-28T16:37:00Z,2026-09-28 22:07:00,orr_hsr,ok,FRC1,43,43,59,59,1,False,12.917273237323744,77.64092666507719,12.916244577017903,77.63487560153817
2026-09-28T16:37:00Z,2026-09-28 22:07:00,orr_iblur,ok,FRC1,42,42,169,169,1,False,12.92075738312682,77.66533074380487,12.928526460252453,77.68170697094911
2026-09-28T16:37:00Z,2026-09-28 22:07:00,orr_bellandur,ok,FRC1,33,48,77,53,1,False,12.928526460252453,77.68170697094911,12.93191543996225,77.68717197181826
2026-09-28T16:37:00Z,2026-09-28 22:07:00,orr_marathahalli,ok,FRC1,22,40,635,349,1,False,12.969829756831466,77.70065275433024,12.937285233242429,77.69319621326713
2026-09-28T16:37:00Z,2026-09-28 22:07:00,orr_doddanekundi,ok,FRC1,31,42,856,632,1,False,12.94125482917495,77.69626600148536,13.000288982126634,77.68031892778362
2026-09-28T16:37:00Z,2026-09-28 22:07:00,orr_mahadevapura,ok,FRC1,39,46,392,332,1,False,13.000373429575006,77.67881152631685,12.969829756831466,77.70065275433024
2026-09-28T16:37:00Z,2026-09-28 22:07:00,hosur_bommanahalli,ok,FRC1,40,40,58,58,1,False,12.909218593796567,77.62749282122297,12.91427319093241,77.62440291643713
2026-09-28T16:37:00Z,2026-09-28 22:07:00,sarjapur_agara,ok,FRC1,30,39,122,94,1,False,12.917313432684539,77.64083412886617,12.923976051130884,77.64726874829438
2026-09-28T16:37:00Z,2026-09-28 22:07:00,old_airport_konena,ok,FRC2,26,33,2027,1597,0.998629,False,12.956720480405576,77.74534372094678,12.972658179083226,77.61948508620713
2026-09-28T16:37:00Z,2026-09-28 22:07:00,varthur_kundalahalli,ok,FRC2,28,35,1879,1503,0.997806,False,12.972670267685029,77.61953604817847,12.956926979936062,77.74537054303693
2026-09-28T17:37:00Z,2026-09-28 23:07:00,orr_hsr,ok,FRC1,27,42,94,60,1,False,12.917273237323744,77.64092666507719,12.916244577017903,77.63487560153817
2026-09-28T17:37:00Z,2026-09-28 23:07:00,orr_iblur,ok,FRC1,42,42,169,169,1,False,12.92075738312682,77.66533074380487,12.928526460252453,77.68170697094911
2026-09-28T17:37:00Z,2026-09-28 23:07:00,orr_bellandur,ok,FRC1,49,49,51,51,1,False,12.928526460252453,77.68170697094911,12.93191543996225,77.68717197181826
2026-09-28T17:37:00Z,2026-09-28 23:07:00,orr_marathahalli,ok,FRC1,40,40,349,349,1,False,12.969829756831466,77.70065275433024,12.937285233242429,77.69319621326713
2026-09-28T17:37:00Z,2026-09-28 23:07:00,orr_doddanekundi,ok,FRC1,41,41,647,647,1,False,12.94125482917495,77.69626600148536,13.000288982126634,77.68031892778362
2026-09-28T17:37:00Z,2026-09-28 23:07:00,orr_mahadevapura,ok,FRC1,46,46,332,332,1,False,13.000373429575006,77.67881152631685,12.969829756831466,77.70065275433024
2026-09-28T17:37:00Z,2026-09-28 23:07:00,hosur_bommanahalli,ok,FRC1,40,40,58,58,1,False,12.909218593796567,77.62749282122297,12.91427319093241,77.62440291643713
2026-09-28T17:37:00Z,2026-09-28 23:07:00,sarjapur_agara,ok,FRC1,39,39,94,94,1,False,12.917313432684539,77.64083412886617,12.923976051130884,77.64726874829438
2026-09-28T17:37:00Z,2026-09-28 23:07:00,old_airport_konena,ok,FRC2,28,32,1883,1647,0.999281,False,12.956720480405576,77.74534372094678,12.972658179083226,77.61948508620713
2026-09-28T17:37:00Z,2026-09-28 23:07:00,varthur_kundalahalli,ok,FRC2,35,35,1503,1503,1,False,12.972670267685029,77.61953604817847,12.956926979936062,77.74537054303693
2026-09-28T18:37:00Z,2026-09-29 00:07:00,orr_hsr,ok,FRC1,43,43,59,59,1,False,12.917273237323744,77.64092666507719,12.916244577017903,77.63487560153817
2026-09-28T18:37:00Z,2026-09-29 00:07:00,orr_iblur,ok,FRC1,42,42,169,169,1,False,12.92075738312682,77.66533074380487,12.928526460252453,77.68170697094911
2026-09-28T18:37:00Z,2026-09-29 00:07:00,orr_bellandur,ok,FRC1,49,49,51,51,1,False,12.928526460252453,77.68170697094911,12.93191543996225,77.68717197181826
2026-09-28T18:37:00Z,2026-09-29 00:07:00,orr_marathahalli,ok,FRC1,40,40,349,349,1,False,12.969829756831466,77.70065275433024,12.937285233242429,77.69319621326713
2026-09-28T18:37:00Z,2026-09-29 00:07:00,orr_doddanekundi,ok,FRC1,33,41,804,647,0.998338,False,12.94125482917495,77.69626600148536,13.000288982126634,77.68031892778362
2026-09-28T18:37:00Z,2026-09-29 00:07:00,orr_mahadevapura,ok,FRC1,46,46,332,332,1,False,13.000373429575006,77.67881152631685,12.969829756831466,77.70065275433024
2026-09-28T18:37:00Z,2026-09-29 00:07:00,hosur_bommanahalli,ok,FRC1,40,40,58,58,1,False,12.909218593796567,77.62749282122297,12.91427319093241,77.62440291643713
2026-09-28T18:37:00Z,2026-09-29 00:07:00,sarjapur_agara,ok,FRC1,39,39,94,94,1,False,12.917313432684539,77.64083412886617,12.923976051130884,77.64726874829438
2026-09-28T18:37:00Z,2026-09-29 00:07:00,old_airport_konena,ok,FRC2,33,33,1597,1597,1,False,12.956720480405576,77.74534372094678,12.972658179083226,77.61948508620713
2026-09-28T18:37:00Z,2026-09-29 00:07:00,varthur_kundalahalli,ok,FRC2,35,35,1503,1503,1,False,12.972670267685029,77.61953604817847,12.956926979936062,77.74537054303693
2026-09-28T19:37:00Z,2026-09-29 01:07:00,orr_hsr,ok,FRC1,43,43,59,59,1,False,12.917273237323744,77.64092666507719,12.916244577017903,77.63487560153817
2026-09-28T19:37:00Z,2026-09-29 01:07:00,orr_iblur,ok,FRC1,42,42,169,169,1,False,12.92075738312682,77.66533074380487,12.928526460252453,77.68170697094911
2026-09-28T19:37:00Z,2026-09-29 01:07:00,orr_bellandur,ok,FRC1,49,49,51,51,1,False,12.928526460252453,77.68170697094911,12.93191543996225,77.68717197181826
2026-09-28T19:37:00Z,2026-09-29 01:07:00,orr_marathahalli,ok,FRC1,40,40,349,349,1,False,12.969829756831466,77.70065275433024,12.937285233242429,77.69319621326713
2026-09-28T19:37:00Z,2026-09-29 01:07:00,orr_doddanekundi,ok,FRC1,41,41,647,647,1,False,12.94125482917495,77.69626600148536,13.000288982126634,77.68031892778362
2026-09-28T19:37:00Z,2026-09-29 01:07:00,orr_mahadevapura,ok,FRC1,46,46,332,332,1,False,13.000373429575006,77.67881152631685,12.969829756831466,77.70065275433024
2026-09-28T19:37:00Z,2026-09-29 01:07:00,hosur_bommanahalli,ok,FRC1,40,40,58,58,1,False,12.909218593796567,77.62749282122297,12.91427319093241,77.62440291643713
2026-09-28T19:37:00Z,2026-09-29 01:07:00,sarjapur_agara,ok,FRC1,39,39,94,94,1,False,12.917313432684539,77.64083412886617,12.923976051130884,77.64726874829438
2026-09-28T19:37:00Z,2026-09-29 01:07:00,old_airport_konena,ok,FRC2,33,33,1597,1597,1,False,12.956720480405576,77.74534372094678,12.972658179083226,77.61948508620713
2026-09-28T19:37:00Z,2026-09-29 01:07:00,varthur_kundalahalli,ok,FRC2,35,35,1503,1503,1,False,12.972670267685029,77.61953604817847,12.956926979936062,77.74537054303693
2026-09-28T20:37:01Z,2026-09-29 02:07:01,orr_hsr,ok,FRC1,43,43,59,59,1,False,12.917273237323744,77.64092666507719,12.916244577017903,77.63487560153817
2026-09-28T20:37:01Z,2026-09-29 02:07:01,orr_iblur,ok,FRC1,42,42,169,169,1,False,12.92075738312682,77.66533074380487,12.928526460252453,77.68170697094911
2026-09-28T20:37:01Z,2026-09-29 02:07:01,orr_bellandur,ok,FRC1,49,49,51,51,1,False,12.928526460252453,77.68170697094911,12.93191543996225,77.68717197181826
2026-09-28T20:37:01Z,2026-09-29 02:07:01,orr_marathahalli,ok,FRC1,40,40,349,349,1,False,12.969829756831466,77.70065275433024,12.937285233242429,77.69319621326713
2026-09-28T20:37:01Z,2026-09-29 02:07:01,orr_doddanekundi,ok,FRC1,34,42,781,632,1,False,12.94125482917495,77.69626600148536,13.000288982126634,77.68031892778362
2026-09-28T20:37:01Z,2026-09-29 02:07:01,orr_mahadevapura,ok,FRC1,46,46,332,332,1,False,13.000373429575006,77.67881152631685,12.969829756831466,77.70065275433024
2026-09-28T20:37:01Z,2026-09-29 02:07:01,hosur_bommanahalli,ok,FRC1,40,40,58,58,1,False,12.909218593796567,77.62749282122297,12.91427319093241,77.62440291643713
2026-09-28T20:37:01Z,2026-09-29 02:07:01,sarjapur_agara,ok,FRC1,39,39,94,94,1,False,12.917313432684539,77.64083412886617,12.923976051130884,77.64726874829438
2026-09-28T20:37:01Z,2026-09-29 02:07:01,old_airport_konena,ok,FRC2,33,33,1597,1597,1,False,12.956720480405576,77.74534372094678,12.972658179083226,77.61948508620713
2026-09-28T20:37:01Z,2026-09-29 02:07:01,varthur_kundalahalli,ok,FRC2,35,35,1503,1503,1,False,12.972670267685029,77.61953604817847,12.956926979936062,77.74537054303693
2026-09-28T21:37:00Z,2026-09-29 03:07:00,orr_hsr,ok,FRC1,43,43,59,59,1,False,12.917273237323744,77.64092666507719,12.916244577017903,77.63487560153817
2026-09-28T21:37:00Z,2026-09-29 03:07:00,orr_iblur,ok,FRC1,42,42,169,169,1,False,12.92075738312682,77.66533074380487,12.928526460252453,77.68170697094911
2026-09-28T21:37:00Z,2026-09-29 03:07:00,orr_bellandur,ok,FRC1,49,49,51,51,1,False,12.928526460252453,77.68170697094911,12.93191543996225,77.68717197181826
2026-09-28T21:37:00Z,2026-09-29 03:07:00,orr_marathahalli,ok,FRC1,40,40,349,349,1,False,12.969829756831466,77.70065275433024,12.937285233242429,77.69319621326713
2026-09-28T21:37:00Z,2026-09-29 03:07:00,orr_doddanekundi,ok,FRC1,36,41,737,647,0.997131,False,12.94125482917495,77.69626600148536,13.000288982126634,77.68031892778362
2026-09-28T21:37:00Z,2026-09-29 03:07:00,orr_mahadevapura,ok,FRC1,46,46,332,332,1,False,13.000373429575006,77.67881152631685,12.969829756831466,77.70065275433024
2026-09-28T21:37:00Z,2026-09-29 03:07:00,hosur_bommanahalli,ok,FRC1,40,40,58,58,1,False,12.909218593796567,77.62749282122297,12.91427319093241,77.62440291643713
2026-09-28T21:37:00Z,2026-09-29 03:07:00,sarjapur_agara,ok,FRC1,39,39,94,94,1,False,12.917313432684539,77.64083412886617,12.923976051130884,77.64726874829438
2026-09-28T21:37:00Z,2026-09-29 03:07:00,old_airport_konena,ok,FRC2,33,33,1597,1597,1,False,12.956720480405576,77.74534372094678,12.972658179083226,77.61948508620713
2026-09-28T21:37:00Z,2026-09-29 03:07:00,varthur_kundalahalli,ok,FRC2,35,35,1503,1503,1,False,12.972670267685029,77.61953604817847,12.956926979936062,77.74537054303693
2026-09-28T22:37:00Z,2026-09-29 04:07:00,orr_hsr,ok,FRC1,43,43,59,59,1,False,12.917273237323744,77.64092666507719,12.916244577017903,77.63487560153817
2026-09-28T22:37:00Z,2026-09-29 04:07:00,orr_iblur,ok,FRC1,42,42,169,169,1,False,12.92075738312682,77.66533074380487,12.928526460252453,77.68170697094911
2026-09-28T22:37:00Z,2026-09-29 04:07:00,orr_bellandur,ok,FRC1,49,49,51,51,1,False,12.928526460252453,77.68170697094911,12.93191543996225,77.68717197181826
2026-09-28T22:37:00Z,2026-09-29 04:07:00,orr_marathahalli,ok,FRC1,40,40,349,349,1,False,12.969829756831466,77.70065275433024,12.937285233242429,77.69319621326713
2026-09-28T22:37:00Z,2026-09-29 04:07:00,orr_doddanekundi,ok,FRC1,41,41,647,647,1,False,12.94125482917495,77.69626600148536,13.000288982126634,77.68031892778362
2026-09-28T22:37:00Z,2026-09-29 04:07:00,orr_mahadevapura,ok,FRC1,46,46,332,332,1,False,13.000373429575006,77.67881152631685,12.969829756831466,77.70065275433024
2026-09-28T22:37:00Z,2026-09-29 04:07:00,hosur_bommanahalli,ok,FRC1,40,40,58,58,1,False,12.909218593796567,77.62749282122297,12.91427319093241,77.62440291643713
2026-09-28T22:37:00Z,2026-09-29 04:07:00,sarjapur_agara,ok,FRC1,39,39,94,94,1,False,12.917313432684539,77.64083412886617,12.923976051130884,77.64726874829438
2026-09-28T22:37:00Z,2026-09-29 04:07:00,old_airport_konena,ok,FRC2,33,33,1597,1597,1,False,12.956720480405576,77.74534372094678,12.972658179083226,77.61948508620713
2026-09-28T22:37:00Z,2026-09-29 04:07:00,varthur_kundalahalli,ok,FRC2,35,35,1503,1503,1,False,12.972670267685029,77.61953604817847,12.956926979936062,77.74537054303693
2026-09-28T23:37:00Z,2026-09-29 05:07:00,orr_hsr,ok,FRC1,43,43,59,59,1,False,12.917273237323744,77.64092666507719,12.916244577017903,77.63487560153817
2026-09-28T23:37:00Z,2026-09-29 05:07:00,orr_iblur,ok,FRC1,42,42,169,169,1,False,12.92075738312682,77.66533074380487,12.928526460252453,77.68170697094911
2026-09-28T23:37:00Z,2026-09-29 05:07:00,orr_bellandur,ok,FRC1,49,49,51,51,1,False,12.928526460252453,77.68170697094911,12.93191543996225,77.68717197181826
2026-09-28T23:37:00Z,2026-09-29 05:07:00,orr_marathahalli,ok,FRC1,40,40,349,349,1,False,12.969829756831466,77.70065275433024,12.937285233242429,77.69319621326713
2026-09-28T23:37:00Z,2026-09-29 05:07:00,orr_doddanekundi,ok,FRC1,41,41,647,647,1,False,12.94125482917495,77.69626600148536,13.000288982126634,77.68031892778362
2026-09-28T23:37:00Z,2026-09-29 05:07:00,orr_mahadevapura,ok,FRC1,46,46,332,332,1,False,13.000373429575006,77.67881152631685,12.969829756831466,77.70065275433024
2026-09-28T23:37:00Z,2026-09-29 05:07:00,hosur_bommanahalli,ok,FRC1,40,40,58,58,1,False,12.909218593796567,77.62749282122297,12.91427319093241,77.62440291643713
2026-09-28T23:37:00Z,2026-09-29 05:07:00,sarjapur_agara,ok,FRC1,39,39,94,94,1,False,12.917313432684539,77.64083412886617,12.923976051130884,77.64726874829438
2026-09-28T23:37:00Z,2026-09-29 05:07:00,old_airport_konena,ok,FRC2,33,33,1597,1597,1,False,12.956720480405576,77.74534372094678,12.972658179083226,77.61948508620713
2026-09-28T23:37:00Z,2026-09-29 05:07:00,varthur_kundalahalli,ok,FRC2,35,35,1503,1503,1,False,12.972670267685029,77.61953604817847,12.956926979936062,77.74537054303693
2026-09-29T00:37:00Z,2026-09-29 06:07:00,orr_hsr,ok,FRC1,43,43,59,59,1,False,12.917273237323744,77.64092666507719,12.916244577017903,77.63487560153817
2026-09-29T00:37:00Z,2026-09-29 06:07:00,orr_iblur,ok,FRC1,42,42,169,169,1,False,12.92075738312682,77.66533074380487,12.928526460252453,77.68170697094911
2026-09-29T00:37:00Z,2026-09-29 06:07:00,orr_bellandur,ok,FRC1,49,49,51,51,1,False,12.928526460252453,77.68170697094911,12.93191543996225,77.68717197181826
2026-09-29T00:37:00Z,2026-09-29 06:07:00,orr_marathahalli,ok,FRC1,40,40,349,349,1,False,12.969829756831466,77.70065275433024,12.937285233242429,77.69319621326713
2026-09-29T00:37:00Z,2026-09-29 06:07:00,orr_doddanekundi,ok,FRC1,41,41,647,647,1,False,12.94125482917495,77.69626600148536,13.000288982126634,77.68031892778362
2026-09-29T00:37:00Z,2026-09-29 06:07:00,orr_mahadevapura,ok,FRC1,46,46,332,332,1,False,13.000373429575006,77.67881152631685,12.969829756831466,77.70065275433024
2026-09-29T00:37:00Z,2026-09-29 06:07:00,hosur_bommanahalli,ok,FRC1,40,40,58,58,1,False,12.909218593796567,77.62749282122297,12.91427319093241,77.62440291643713
2026-09-29T00:37:00Z,2026-09-29 06:07:00,sarjapur_agara,ok,FRC1,39,39,94,94,1,False,12.917313432684539,77.64083412886617,12.923976051130884,77.64726874829438
2026-09-29T00:37:00Z,2026-09-29 06:07:00,old_airport_konena,ok,FRC2,33,33,1597,1597,1,False,12.956720480405576,77.74534372094678,12.972658179083226,77.61948508620713
2026-09-29T00:37:00Z,2026-09-29 06:07:00,varthur_kundalahalli,ok,FRC2,35,35,1503,1503,1,False,12.972670267685029,77.61953604817847,12.956926979936062,77.74537054303693
2026-09-29T01:37:00Z,2026-09-29 07:07:00,orr_hsr,ok,FRC1,43,43,59,59,1,False,12.917273237323744,77.64092666507719,12.916244577017903,77.63487560153817
2026-09-29T01:37:00Z,2026-09-29 07:07:00,orr_iblur,ok,FRC1,42,42,169,169,1,False,12.92075738312682,77.66533074380487,12.928526460252453,77.68170697094911
2026-09-29T01:37:00Z,2026-09-29 07:07:00,orr_bellandur,ok,FRC1,49,49,51,51,1,False,12.928526460252453,77.68170697094911,12.93191543996225,77.68717197181826
2026-09-29T01:37:00Z,2026-09-29 07:07:00,orr_marathahalli,ok,FRC1,40,40,349,349,1,False,12.969829756831466,77.70065275433024,12.937285233242429,77.69319621326713
2026-09-29T01:37:00Z,2026-09-29 07:07:00,orr_doddanekundi,ok,FRC1,41,41,647,647,1,False,12.94125482917495,77.69626600148536,13.000288982126634,77.68031892778362
2026-09-29T01:37:00Z,2026-09-29 07:07:00,orr_mahadevapura,ok,FRC1,46,46,332,332,1,False,13.000373429575006,77.67881152631685,12.969829756831466,77.70065275433024
2026-09-29T01:37:00Z,2026-09-29 07:07:00,hosur_bommanahalli,ok,FRC1,40,40,58,58,1,False,12.909218593796567,77.62749282122297,12.91427319093241,77.62440291643713
2026-09-29T01:37:00Z,2026-09-29 07:07:00,sarjapur_agara,ok,FRC1,39,39,94,94,1,False,12.917313432684539,77.64083412886617,12.923976051130884,77.64726874829438
2026-09-29T01:37:00Z,2026-09-29 07:07:00,old_airport_konena,ok,FRC2,28,33,1883,1597,1,False,12.956720480405576,77.74534372094678,12.972658179083226,77.61948508620713
2026-09-29T01:37:00Z,2026-09-29 07:07:00,varthur_kundalahalli,ok,FRC2,30,35,1754,1503,1,False,12.972670267685029,77.61953604817847,12.956926979936062,77.74537054303693
2026-09-29T01:52:00Z,2026-09-29 07:22:00,orr_hsr,ok,FRC1,43,43,59,59,1,False,12.917273237323744,77.64092666507719,12.916244577017903,77.63487560153817
2026-09-29T01:52:00Z,2026-09-29 07:22:00,orr_iblur,ok,FRC1,28,43,253,165,1,False,12.92075738312682,77.66533074380487,12.928526460252453,77.68170697094911
2026-09-29T01:52:00Z,2026-09-29 07:22:00,orr_bellandur,ok,FRC1,33,48,77,53,1,False,12.928526460252453,77.68170697094911,12.93191543996225,77.68717197181826
2026-09-29T01:52:00Z,2026-09-29 07:22:00,orr_marathahalli,ok,FRC1,40,40,349,349,1,False,12.969829756831466,77.70065275433024,12.937285233242429,77.69319621326713
2026-09-29T01:52:00Z,2026-09-29 07:22:00,orr_doddanekundi,ok,FRC1,41,41,647,647,1,False,12.94125482917495,77.69626600148536,13.000288982126634,77.68031892778362
2026-09-29T01:52:00Z,2026-09-29 07:22:00,orr_mahadevapura,ok,FRC1,46,46,332,332,1,False,13.000373429575006,77.67881152631685,12.969829756831466,77.70065275433024
2026-09-29T01:52:00Z,2026-09-29 07:22:00,hosur_bommanahalli,ok,FRC1,26,39,90,60,1,False,12.909218593796567,77.62749282122297,12.91427319093241,77.62440291643713
2026-09-29T01:52:00Z,2026-09-29 07:22:00,sarjapur_agara,ok,FRC1,39,39,94,94,1,False,12.917313432684539,77.64083412886617,12.923976051130884,77.64726874829438
2026-09-29T01:52:00Z,2026-09-29 07:22:00,old_airport_konena,ok,FRC2,28,33,1883,1597,1,False,12.956720480405576,77.74534372094678,12.972658179083226,77.61948508620713
2026-09-29T01:52:00Z,2026-09-29 07:22:00,varthur_kundalahalli,ok,FRC2,30,35,1754,1503,1,False,12.972670267685029,77.61953604817847,12.956926979936062,77.74537054303693
2026-09-29T02:07:00Z,2026-09-29 07:37:00,orr_hsr,ok,FRC1,43,43,59,59,1,False,12.917273237323744,77.64092666507719,12.916244577017903,77.63487560153817
2026-09-29T02:07:00Z,2026-09-29 07:37:00,orr_iblur,ok,FRC1,16,44,444,161,1,False,12.92075738312682,77.66533074380487,12.928526460252453,77.68170697094911
2026-09-29T02:07:00Z,2026-09-29 07:37:00,orr_bellandur,ok,FRC1,36,48,70,53,1,False,12.928526460252453,77.68170697094911,12.93191543996225,77.68717197181826
2026-09-29T02:07:00Z,2026-09-29 07:37:00,orr_marathahalli,ok,FRC1,33,39,423,358,1,False,12.969829756831466,77.70065275433024,12.937285233242429,77.69319621326713
2026-09-29T02:07:00Z,2026-09-29 07:37:00,orr_doddanekundi,ok,FRC1,41,41,647,647,1,False,12.94125482917495,77.69626600148536,13.000288982126634,77.68031892778362
2026-09-29T02:07:00Z,2026-09-29 07:37:00,orr_mahadevapura,ok,FRC1,37,46,413,332,1,False,13.000373429575006,77.67881152631685,12.969829756831466,77.70065275433024
2026-09-29T02:07:00Z,2026-09-29 07:37:00,hosur_bommanahalli,ok,FRC1,30,40,78,58,1,False,12.909218593796567,77.62749282122297,12.91427319093241,77.62440291643713
2026-09-29T02:07:00Z,2026-09-29 07:37:00,sarjapur_agara,ok,FRC1,31,39,118,94,1,False,12.917313432684539,77.64083412886617,12.923976051130884,77.64726874829438
2026-09-29T02:07:00Z,2026-09-29 07:37:00,old_airport_konena,ok,FRC2,27,33,1952,1597,1,False,12.956720480405576,77.74534372094678,12.972658179083226,77.61948508620713
2026-09-29T02:07:00Z,2026-09-29 07:37:00,varthur_kundalahalli,ok,FRC2,29,35,1814,1503,1,False,12.972670267685029,77.61953604817847,12.956926979936062,77.74537054303693
2026-09-29T02:22:00Z,2026-09-29 07:52:00,orr_hsr,ok,FRC1,43,43,59,59,1,False,12.917273237323744,77.64092666507719,12.916244577017903,77.63487560153817
2026-09-29T02:22:00Z,2026-09-29 07:52:00,orr_iblur,ok,FRC1,9,45,789,157,1,False,12.92075738312682,77.66533074380487,12.928526460252453,77.68170697094911
2026-09-29T02:22:00Z,2026-09-29 07:52:00,orr_bellandur,ok,FRC1,38,48,67,53,1,False,12.928526460252453,77.68170697094911,12.93191543996225,77.68717197181826
2026-09-29T02:22:00Z,2026-09-29 07:52:00,orr_marathahalli,ok,FRC1,30,40,465,349,1,False,12.969829756831466,77.70065275433024,12.937285233242429,77.69319621326713
2026-09-29T02:22:00Z,2026-09-29 07:52:00,orr_doddanekundi,ok,FRC1,41,41,647,647,1,False,12.94125482917495,77.69626600148536,13.000288982126634,77.68031892778362
2026-09-29T02:22:00Z,2026-09-29 07:52:00,orr_mahadevapura,ok,FRC1,30,45,509,339,1,False,13.000373429575006,77.67881152631685,12.969829756831466,77.70065275433024
2026-09-29T02:22:00Z,2026-09-29 07:52:00,hosur_bommanahalli,ok,FRC1,30,39,78,60,1,False,12.909218593796567,77.62749282122297,12.91427319093241,77.62440291643713
2026-09-29T02:22:00Z,2026-09-29 07:52:00,sarjapur_agara,ok,FRC1,16,38,230,96,1,False,12.917313432684539,77.64083412886617,12.923976051130884,77.64726874829438
2026-09-29T02:22:00Z,2026-09-29 07:52:00,old_airport_konena,ok,FRC2,24,33,2196,1597,1,False,12.956720480405576,77.74534372094678,12.972658179083226,77.61948508620713
2026-09-29T02:22:00Z,2026-09-29 07:52:00,varthur_kundalahalli,ok,FRC2,28,35,1879,1503,1,False,12.972670267685029,77.61953604817847,12.956926979936062,77.74537054303693
2026-09-29T02:37:00Z,2026-09-29 08:07:00,orr_hsr,ok,FRC1,33,42,77,60,1,False,12.917273237323744,77.64092666507719,12.916244577017903,77.63487560153817
2026-09-29T02:37:00Z,2026-09-29 08:07:00,orr_iblur,ok,FRC1,12,42,592,169,1,False,12.92075738312682,77.66533074380487,12.928526460252453,77.68170697094911
2026-09-29T02:37:00Z,2026-09-29 08:07:00,orr_bellandur,ok,FRC1,24,48,106,53,1,False,12.928526460252453,77.68170697094911,12.93191543996225,77.68717197181826
2026-09-29T02:37:00Z,2026-09-29 08:07:00,orr_marathahalli,ok,FRC1,27,39,517,358,1,False,12.969829756831466,77.70065275433024,12.937285233242429,77.69319621326713
2026-09-29T02:37:00Z,2026-09-29 08:07:00,orr_doddanekundi,ok,FRC1,41,41,647,647,1,False,12.94125482917495,77.69626600148536,13.000288982126634,77.68031892778362
2026-09-29T02:37:00Z,2026-09-29 08:07:00,orr_mahadevapura,ok,FRC1,26,45,588,339,1,False,13.000373429575006,77.67881152631685,12.969829756831466,77.70065275433024
2026-09-29T02:37:00Z,2026-09-29 08:07:00,hosur_bommanahalli,ok,FRC1,30,40,78,58,1,False,12.909218593796567,77.62749282122297,12.91427319093241,77.62440291643713
2026-09-29T02:37:00Z,2026-09-29 08:07:00,sarjapur_agara,ok,FRC1,6,39,614,94,1,False,12.917313432684539,77.64083412886617,12.923976051130884,77.64726874829438
2026-09-29T02:37:00Z,2026-09-29 08:07:00,old_airport_konena,ok,FRC2,25,33,2109,1597,1,False,12.956720480405576,77.74534372094678,12.972658179083226,77.61948508620713
2026-09-29T02:37:00Z,2026-09-29 08:07:00,varthur_kundalahalli,ok,FRC2,30,35,1754,1503,1,False,12.972670267685029,77.61953604817847,12.956926979936062,77.74537054303693
2026-09-29T02:52:00Z,2026-09-29 08:22:00,orr_hsr,ok,FRC1,43,43,59,59,1,False,12.917273237323744,77.64092666507719,12.916244577017903,77.63487560153817
2026-09-29T02:52:00Z,2026-09-29 08:22:00,orr_iblur,ok,FRC1,14,42,507,169,1,False,12.92075738312682,77.66533074380487,12.928526460252453,77.68170697094911
2026-09-29T02:52:00Z,2026-09-29 08:22:00,orr_bellandur,ok,FRC1,35,48,72,53,1,False,12.928526460252453,77.68170697094911,12.93191543996225,77.68717197181826
2026-09-29T02:52:00Z,2026-09-29 08:22:00,orr_marathahalli,ok,FRC1,25,39,559,358,1,False,12.969829756831466,77.70065275433024,12.937285233242429,77.69319621326713
2026-09-29T02:52:00Z,2026-09-29 08:22:00,orr_doddanekundi,ok,FRC1,41,41,647,647,1,False,12.94125482917495,77.69626600148536,13.000288982126634,77.68031892778362
2026-09-29T02:52:00Z,2026-09-29 08:22:00,orr_mahadevapura,ok,FRC1,22,45,695,339,1,False,13.000373429575006,77.67881152631685,12.969829756831466,77.70065275433024
2026-09-29T02:52:00Z,2026-09-29 08:22:00,hosur_bommanahalli,ok,FRC1,27,39,87,60,1,False,12.909218593796567,77.62749282122297,12.91427319093241,77.62440291643713
2026-09-29T02:52:00Z,2026-09-29 08:22:00,sarjapur_agara,ok,FRC1,4,37,921,99,1,False,12.917313432684539,77.64083412886617,12.923976051130884,77.64726874829438
2026-09-29T02:52:00Z,2026-09-29 08:22:00,old_airport_konena,ok,FRC2,22,33,2396,1597,0.999983,False,12.956720480405576,77.74534372094678,12.972658179083226,77.61948508620713
2026-09-29T02:52:00Z,2026-09-29 08:22:00,varthur_kundalahalli,ok,FRC2,28,35,1879,1503,1,False,12.972670267685029,77.61953604817847,12.956926979936062,77.74537054303693
2026-09-29T03:07:00Z,2026-09-29 08:37:00,orr_hsr,ok,FRC1,43,43,59,59,1,False,12.917273237323744,77.64092666507719,12.916244577017903,77.63487560153817
2026-09-29T03:07:00Z,2026-09-29 08:37:00,orr_iblur,ok,FRC1,15,44,473,161,1,False,12.92075738312682,77.66533074380487,12.928526460252453,77.68170697094911
2026-09-29T03:07:00Z,2026-09-29 08:37:00,orr_bellandur,ok,FRC1,30,48,84,53,1,False,12.928526460252453,77.68170697094911,12.93191543996225,77.68717197181826
2026-09-29T03:07:00Z,2026-09-29 08:37:00,orr_marathahalli,ok,FRC1,23,39,607,358,1,False,12.969829756831466,77.70065275433024,12.937285233242429,77.69319621326713
2026-09-29T03:07:00Z,2026-09-29 08:37:00,orr_doddanekundi,ok,FRC1,37,41,717,647,1,False,12.94125482917495,77.69626600148536,13.000288982126634,77.68031892778362
2026-09-29T03:07:00Z,2026-09-29 08:37:00,orr_mahadevapura,ok,FRC1,20,44,764,347,1,False,13.000373429575006,77.67881152631685,12.969829756831466,77.70065275433024
2026-09-29T03:07:00Z,2026-09-29 08:37:00,hosur_bommanahalli,ok,FRC1,19,39,123,60,1,False,12.909218593796567,77.62749282122297,12.91427319093241,77.62440291643713
2026-09-29T03:07:00Z,2026-09-29 08:37:00,sarjapur_agara,ok,FRC1,6,40,614,92,1,False,12.917313432684539,77.64083412886617,12.923976051130884,77.64726874829438
2026-09-29T03:07:00Z,2026-09-29 08:37:00,old_airport_konena,ok,FRC2,23,33,2292,1597,1,False,12.956720480405576,77.74534372094678,12.972658179083226,77.61948508620713
2026-09-29T03:07:00Z,2026-09-29 08:37:00,varthur_kundalahalli,ok,FRC2,27,35,1949,1503,1,False,12.972670267685029,77.61953604817847,12.956926979936062,77.74537054303693
2026-09-29T03:22:00Z,2026-09-29 08:52:00,orr_hsr,ok,FRC1,43,43,59,59,1,False,12.917273237323744,77.64092666507719,12.916244577017903,77.63487560153817
2026-09-29T03:22:00Z,2026-09-29 08:52:00,orr_iblur,ok,FRC1,13,43,546,165,1,False,12.92075738312682,77.66533074380487,12.928526460252453,77.68170697094911
2026-09-29T03:22:00Z,2026-09-29 08:52:00,orr_bellandur,ok,FRC1,30,48,84,53,1,False,12.928526460252453,77.68170697094911,12.93191543996225,77.68717197181826
2026-09-29T03:22:00Z,2026-09-29 08:52:00,orr_marathahalli,ok,FRC1,22,40,635,349,1,False,12.969829756831466,77.70065275433024,12.937285233242429,77.69319621326713
2026-09-29T03:22:00Z,2026-09-29 08:52:00,orr_doddanekundi,ok,FRC1,35,41,758,647,1,False,12.94125482917495,77.69626600148536,13.000288982126634,77.68031892778362
2026-09-29T03:22:00Z,2026-09-29 08:52:00,orr_mahadevapura,ok,FRC1,18,46,849,332,1,False,13.000373429575006,77.67881152631685,12.969829756831466,77.70065275433024
2026-09-29T03:22:00Z,2026-09-29 08:52:00,hosur_bommanahalli,ok,FRC1,24,38,98,61,1,False,12.909218593796567,77.62749282122297,12.91427319093241,77.62440291643713
2026-09-29T03:22:00Z,2026-09-29 08:52:00,sarjapur_agara,ok,FRC1,6,40,614,92,1,False,12.917313432684539,77.64083412886617,12.923976051130884,77.64726874829438
2026-09-29T03:22:00Z,2026-09-29 08:52:00,old_airport_konena,ok,FRC2,21,33,2510,1597,1,False,12.956720480405576,77.74534372094678,12.972658179083226,77.61948508620713
2026-09-29T03:22:00Z,2026-09-29 08:52:00,varthur_kundalahalli,ok,FRC2,27,34,1949,1547,1,False,12.972670267685029,77.61953604817847,12.956926979936062,77.74537054303693
2026-09-29T03:37:00Z,2026-09-29 09:07:00,orr_hsr,ok,FRC1,43,43,59,59,1,False,12.917273237323744,77.64092666507719,12.916244577017903,77.63487560153817
2026-09-29T03:37:00Z,2026-09-29 09:07:00,orr_iblur,ok,FRC1,12,45,592,157,1,False,12.92075738312682,77.66533074380487,12.928526460252453,77.68170697094911
2026-09-29T03:37:00Z,2026-09-29 09:07:00,orr_bellandur,ok,FRC1,37,49,68,51,1,False,12.928526460252453,77.68170697094911,12.93191543996225,77.68717197181826
2026-09-29T03:37:00Z,2026-09-29 09:07:00,orr_marathahalli,ok,FRC1,19,39,735,358,1,False,12.969829756831466,77.70065275433024,12.937285233242429,77.69319621326713
2026-09-29T03:37:00Z,2026-09-29 09:07:00,orr_doddanekundi,ok,FRC1,35,41,758,647,1,False,12.94125482917495,77.69626600148536,13.000288982126634,77.68031892778362
2026-09-29T03:37:00Z,2026-09-29 09:07:00,orr_mahadevapura,ok,FRC1,17,45,899,339,1,False,13.000373429575006,77.67881152631685,12.969829756831466,77.70065275433024
2026-09-29T03:37:00Z,2026-09-29 09:07:00,hosur_bommanahalli,ok,FRC1,23,40,102,58,1,False,12.909218593796567,77.62749282122297,12.91427319093241,77.62440291643713
2026-09-29T03:37:00Z,2026-09-29 09:07:00,sarjapur_agara,ok,FRC1,7,40,526,92,1,False,12.917313432684539,77.64083412886617,12.923976051130884,77.64726874829438
2026-09-29T03:37:00Z,2026-09-29 09:07:00,old_airport_konena,ok,FRC2,22,33,2396,1597,1,False,12.956720480405576,77.74534372094678,12.972658179083226,77.61948508620713
2026-09-29T03:37:00Z,2026-09-29 09:07:00,varthur_kundalahalli,ok,FRC2,25,35,2104,1503,1,False,12.972670267685029,77.61953604817847,12.956926979936062,77.74537054303693
2026-09-29T03:52:00Z,2026-09-29 09:22:00,orr_hsr,ok,FRC1,34,43,75,59,1,False,12.917273237323744,77.64092666507719,12.916244577017903,77.63487560153817
2026-09-29T03:52:00Z,2026-09-29 09:22:00,orr_iblur,ok,FRC1,14,43,507,165,1,False,12.92075738312682,77.66533074380487,12.928526460252453,77.68170697094911
2026-09-29T03:52:00Z,2026-09-29 09:22:00,orr_bellandur,ok,FRC1,38,49,67,51,1,False,12.928526460252453,77.68170697094911,12.93191543996225,77.68717197181826
2026-09-29T03:52:00Z,2026-09-29 09:22:00,orr_marathahalli,ok,FRC1,15,41,931,340,1,False,12.969829756831466,77.70065275433024,12.937285233242429,77.69319621326713
2026-09-29T03:52:00Z,2026-09-29 09:22:00,orr_doddanekundi,ok,FRC1,34,42,781,632,1,False,12.94125482917495,77.69626600148536,13.000288982126634,77.68031892778362
2026-09-29T03:52:00Z,2026-09-29 09:22:00,orr_mahadevapura,ok,FRC1,15,46,1019,332,1,False,13.000373429575006,77.67881152631685,12.969829756831466,77.70065275433024
2026-09-29T03:52:00Z,2026-09-29 09:22:00,hosur_bommanahalli,ok,FRC1,40,40,58,58,1,False,12.909218593796567,77.62749282122297,12.91427319093241,77.62440291643713
2026-09-29T03:52:00Z,2026-09-29 09:22:00,sarjapur_agara,ok,FRC1,4,35,921,105,1,False,12.917313432684539,77.64083412886617,12.923976051130884,77.64726874829438
2026-09-29T03:52:00Z,2026-09-29 09:22:00,old_airport_konena,ok,FRC2,18,33,2929,1597,1,False,12.956720480405576,77.74534372094678,12.972658179083226,77.61948508620713
2026-09-29T03:52:00Z,2026-09-29 09:22:00,varthur_kundalahalli,ok,FRC2,23,35,2287,1503,1,False,12.972670267685029,77.61953604817847,12.956926979936062,77.74537054303693
2026-09-29T04:07:00Z,2026-09-29 09:37:00,orr_hsr,ok,FRC1,43,43,59,59,1,False,12.917273237323744,77.64092666507719,12.916244577017903,77.63487560153817
2026-09-29T04:07:00Z,2026-09-29 09:37:00,orr_iblur,ok,FRC1,17,43,418,165,1,False,12.92075738312682,77.66533074380487,12.928526460252453,77.68170697094911
2026-09-29T04:07:00Z,2026-09-29 09:37:00,orr_bellandur,ok,FRC1,33,49,77,51,1,False,12.928526460252453,77.68170697094911,12.93191543996225,77.68717197181826
2026-09-29T04:07:00Z,2026-09-29 09:37:00,orr_marathahalli,ok,FRC1,12,39,1164,358,1,False,12.969829756831466,77.70065275433024,12.937285233242429,77.69319621326713
2026-09-29T04:07:00Z,2026-09-29 09:37:00,orr_doddanekundi,ok,FRC1,33,41,804,647,1,False,12.94125482917495,77.69626600148536,13.000288982126634,77.68031892778362
2026-09-29T04:07:00Z,2026-09-29 09:37:00,orr_mahadevapura,ok,FRC1,22,45,695,339,1,False,13.000373429575006,77.67881152631685,12.969829756831466,77.70065275433024
2026-09-29T04:07:00Z,2026-09-29 09:37:00,hosur_bommanahalli,ok,FRC1,40,40,58,58,1,False,12.909218593796567,77.62749282122297,12.91427319093241,77.62440291643713
2026-09-29T04:07:00Z,2026-09-29 09:37:00,sarjapur_agara,ok,FRC1,6,40,614,92,1,False,12.917313432684539,77.64083412886617,12.923976051130884,77.64726874829438
2026-09-29T04:07:00Z,2026-09-29 09:37:00,old_airport_konena,ok,FRC2,19,33,2775,1597,1,False,12.956720480405576,77.74534372094678,12.972658179083226,77.61948508620713
2026-09-29T04:07:00Z,2026-09-29 09:37:00,varthur_kundalahalli,ok,FRC2,24,35,2192,1503,1,False,12.972670267685029,77.61953604817847,12.956926979936062,77.74537054303693
2026-09-29T04:22:00Z,2026-09-29 09:52:00,orr_hsr,ok,FRC1,18,42,142,60,1,False,12.917273237323744,77.64092666507719,12.916244577017903,77.63487560153817
2026-09-29T04:22:00Z,2026-09-29 09:52:00,orr_iblur,ok,FRC1,13,41,546,173,1,False,12.92075738312682,77.66533074380487,12.928526460252453,77.68170697094911
2026-09-29T04:22:00Z,2026-09-29 09:52:00,orr_bellandur,ok,FRC1,35,49,72,51,1,False,12.928526460252453,77.68170697094911,12.93191543996225,77.68717197181826
2026-09-29T04:22:00Z,2026-09-29 09:52:00,orr_marathahalli,ok,FRC1,15,41,931,340,1,False,12.969829756831466,77.70065275433024,12.937285233242429,77.69319621326713
2026-09-29T04:22:00Z,2026-09-29 09:52:00,orr_doddanekundi,ok,FRC1,31,41,856,647,1,False,12.94125482917495,77.69626600148536,13.000288982126634,77.68031892778362
2026-09-29T04:22:00Z,2026-09-29 09:52:00,orr_mahadevapura,ok,FRC1,19,45,805,339,1,False,13.000373429575006,77.67881152631685,12.969829756831466,77.70065275433024
2026-09-29T04:22:00Z,2026-09-29 09:52:00,hosur_bommanahalli,ok,FRC1,40,40,58,58,1,False,12.909218593796567,77.62749282122297,12.91427319093241,77.62440291643713
2026-09-29T04:22:00Z,2026-09-29 09:52:00,sarjapur_agara,ok,FRC1,6,39,614,94,1,False,12.917313432684539,77.64083412886617,12.923976051130884,77.64726874829438
2026-09-29T04:22:00Z,2026-09-29 09:52:00,old_airport_konena,ok,FRC2,20,33,2636,1597,1,False,12.956720480405576,77.74534372094678,12.972658179083226,77.61948508620713
2026-09-29T04:22:00Z,2026-09-29 09:52:00,varthur_kundalahalli,ok,FRC2,24,35,2192,1503,1,False,12.972670267685029,77.61953604817847,12.956926979936062,77.74537054303693
2026-09-29T04:37:00Z,2026-09-29 10:07:00,orr_hsr,ok,FRC1,30,41,85,62,1,False,12.917273237323744,77.64092666507719,12.916244577017903,77.63487560153817
2026-09-29T04:37:00Z,2026-09-29 10:07:00,orr_iblur,ok,FRC1,13,42,546,169,1,False,12.92075738312682,77.66533074380487,12.928526460252453,77.68170697094911
2026-09-29T04:37:00Z,2026-09-29 10:07:00,orr_bellandur,ok,FRC1,35,49,72,51,1,False,12.928526460252453,77.68170697094911,12.93191543996225,77.68717197181826
2026-09-29T04:37:00Z,2026-09-29 10:07:00,orr_marathahalli,ok,FRC1,14,40,998,349,1,False,12.969829756831466,77.70065275433024,12.937285233242429,77.69319621326713
2026-09-29T04:37:00Z,2026-09-29 10:07:00,orr_doddanekundi,ok,FRC1,28,42,948,632,1,False,12.94125482917495,77.69626600148536,13.000288982126634,77.68031892778362
2026-09-29T04:37:00Z,2026-09-29 10:07:00,orr_mahadevapura,ok,FRC1,19,46,805,332,1,False,13.000373429575006,77.67881152631685,12.969829756831466,77.70065275433024
2026-09-29T04:37:00Z,2026-09-29 10:07:00,hosur_bommanahalli,ok,FRC1,20,39,117,60,1,False,12.909218593796567,77.62749282122297,12.91427319093241,77.62440291643713
2026-09-29T04:37:00Z,2026-09-29 10:07:00,sarjapur_agara,ok,FRC1,5,39,737,94,1,False,12.917313432684539,77.64083412886617,12.923976051130884,77.64726874829438
2026-09-29T04:37:00Z,2026-09-29 10:07:00,old_airport_konena,ok,FRC2,20,33,2636,1597,1,False,12.956720480405576,77.74534372094678,12.972658179083226,77.61948508620713
2026-09-29T04:37:00Z,2026-09-29 10:07:00,varthur_kundalahalli,ok,FRC2,26,35,2023,1503,1,False,12.972670267685029,77.61953604817847,12.956926979936062,77.74537054303693
2026-09-29T04:52:00Z,2026-09-29 10:22:00,orr_hsr,ok,FRC1,31,41,82,62,1,False,12.917273237323744,77.64092666507719,12.916244577017903,77.63487560153817
2026-09-29T04:52:00Z,2026-09-29 10:22:00,orr_iblur,ok,FRC1,13,43,546,165,1,False,12.92075738312682,77.66533074380487,12.928526460252453,77.68170697094911
2026-09-29T04:52:00Z,2026-09-29 10:22:00,orr_bellandur,ok,FRC1,22,48,115,53,1,False,12.928526460252453,77.68170697094911,12.93191543996225,77.68717197181826
2026-09-29T04:52:00Z,2026-09-29 10:22:00,orr_marathahalli,ok,FRC1,11,40,1270,349,1,False,12.969829756831466,77.70065275433024,12.937285233242429,77.69319621326713
2026-09-29T04:52:00Z,2026-09-29 10:22:00,orr_doddanekundi,ok,FRC1,29,41,915,647,1,False,12.94125482917495,77.69626600148536,13.000288982126634,77.68031892778362
2026-09-29T04:52:00Z,2026-09-29 10:22:00,orr_mahadevapura,ok,FRC1,24,47,637,325,1,False,13.000373429575006,77.67881152631685,12.969829756831466,77.70065275433024
2026-09-29T04:52:00Z,2026-09-29 10:22:00,hosur_bommanahalli,ok,FRC1,11,41,214,57,1,False,12.909218593796567,77.62749282122297,12.91427319093241,77.62440291643713
2026-09-29T04:52:00Z,2026-09-29 10:22:00,sarjapur_agara,ok,FRC1,6,38,614,96,1,False,12.917313432684539,77.64083412886617,12.923976051130884,77.64726874829438
2026-09-29T04:52:00Z,2026-09-29 10:22:00,old_airport_konena,ok,FRC2,20,33,2636,1597,1,False,12.956720480405576,77.74534372094678,12.972658179083226,77.61948508620713
2026-09-29T04:52:00Z,2026-09-29 10:22:00,varthur_kundalahalli,ok,FRC2,24,35,2192,1503,1,False,12.972670267685029,77.61953604817847,12.956926979936062,77.74537054303693
2026-09-29T05:07:00Z,2026-09-29 10:37:00,orr_hsr,ok,FRC1,26,43,98,59,1,False,12.917273237323744,77.64092666507719,12.916244577017903,77.63487560153817
2026-09-29T05:07:00Z,2026-09-29 10:37:00,orr_iblur,ok,FRC1,13,44,546,161,1,False,12.92075738312682,77.66533074380487,12.928526460252453,77.68170697094911
2026-09-29T05:07:00Z,2026-09-29 10:37:00,orr_bellandur,ok,FRC1,38,48,67,53,1,False,12.928526460252453,77.68170697094911,12.93191543996225,77.68717197181826
2026-09-29T05:07:00Z,2026-09-29 10:37:00,orr_marathahalli,ok,FRC1,10,40,1397,349,1,False,12.969829756831466,77.70065275433024,12.937285233242429,77.69319621326713
2026-09-29T05:07:00Z,2026-09-29 10:37:00,orr_doddanekundi,ok,FRC1,29,42,915,632,1,False,12.94125482917495,77.69626600148536,13.000288982126634,77.68031892778362
2026-09-29T05:07:00Z,2026-09-29 10:37:00,orr_mahadevapura,ok,FRC1,25,46,611,332,1,False,13.000373429575006,77.67881152631685,12.969829756831466,77.70065275433024
2026-09-29T05:07:00Z,2026-09-29 10:37:00,hosur_bommanahalli,ok,FRC1,31,39,75,60,1,False,12.909218593796567,77.62749282122297,12.91427319093241,77.62440291643713
2026-09-29T05:07:00Z,2026-09-29 10:37:00,sarjapur_agara,ok,FRC1,4,37,921,99,1,False,12.917313432684539,77.64083412886617,12.923976051130884,77.64726874829438
2026-09-29T05:07:00Z,2026-09-29 10:37:00,old_airport_konena,ok,FRC2,21,32,2510,1647,1,False,12.956720480405576,77.74534372094678,12.972658179083226,77.61948508620713
2026-09-29T05:07:00Z,2026-09-29 10:37:00,varthur_kundalahalli,ok,FRC2,24,35,2192,1503,1,False,12.972670267685029,77.61953604817847,12.956926979936062,77.74537054303693
2026-09-29T05:22:00Z,2026-09-29 10:52:00,orr_hsr,ok,FRC1,43,43,59,59,1,False,12.917273237323744,77.64092666507719,12.916244577017903,77.63487560153817
2026-09-29T05:22:00Z,2026-09-29 10:52:00,orr_iblur,ok,FRC1,12,44,592,161,1,False,12.92075738312682,77.66533074380487,12.928526460252453,77.68170697094911
2026-09-29T05:22:00Z,2026-09-29 10:52:00,orr_bellandur,ok,FRC1,38,48,67,53,1,False,12.928526460252453,77.68170697094911,12.93191543996225,77.68717197181826
2026-09-29T05:22:00Z,2026-09-29 10:52:00,orr_marathahalli,ok,FRC1,9,40,1552,349,1,False,12.969829756831466,77.70065275433024,12.937285233242429,77.69319621326713
2026-09-29T05:22:00Z,2026-09-29 10:52:00,orr_doddanekundi,ok,FRC1,30,41,885,647,1,False,12.94125482917495,77.69626600148536,13.000288982126634,77.68031892778362
2026-09-29T05:22:00Z,2026-09-29 10:52:00,orr_mahadevapura,ok,FRC1,25,46,611,332,1,False,13.000373429575006,77.67881152631685,12.969829756831466,77.70065275433024
2026-09-29T05:22:00Z,2026-09-29 10:52:00,hosur_bommanahalli,ok,FRC1,40,40,58,58,1,False,12.909218593796567,77.62749282122297,12.91427319093241,77.62440291643713
2026-09-29T05:22:00Z,2026-09-29 10:52:00,sarjapur_agara,ok,FRC1,6,41,614,89,1,False,12.917313432684539,77.64083412886617,12.923976051130884,77.64726874829438
2026-09-29T05:22:00Z,2026-09-29 10:52:00,old_airport_konena,ok,FRC2,20,33,2636,1597,1,False,12.956720480405576,77.74534372094678,12.972658179083226,77.61948508620713
2026-09-29T05:22:00Z,2026-09-29 10:52:00,varthur_kundalahalli,ok,FRC2,24,35,2192,1503,1,False,12.972670267685029,77.61953604817847,12.956926979936062,77.74537054303693
2026-09-29T05:37:00Z,2026-09-29 11:07:00,orr_hsr,ok,FRC1,34,43,75,59,1,False,12.917273237323744,77.64092666507719,12.916244577017903,77.63487560153817
2026-09-29T05:37:00Z,2026-09-29 11:07:00,orr_iblur,ok,FRC1,14,44,507,161,1,False,12.92075738312682,77.66533074380487,12.928526460252453,77.68170697094911
2026-09-29T05:37:00Z,2026-09-29 11:07:00,orr_bellandur,ok,FRC1,33,48,77,53,1,False,12.928526460252453,77.68170697094911,12.93191543996225,77.68717197181826
2026-09-29T05:37:00Z,2026-09-29 11:07:00,orr_marathahalli,ok,FRC1,9,40,1552,349,1,False,12.969829756831466,77.70065275433024,12.937285233242429,77.69319621326713
2026-09-29T05:37:00Z,2026-09-29 11:07:00,orr_doddanekundi,ok,FRC1,33,41,804,647,1,False,12.94125482917495,77.69626600148536,13.000288982126634,77.68031892778362
2026-09-29T05:37:00Z,2026-09-29 11:07:00,orr_mahadevapura,ok,FRC1,31,45,493,339,1,False,13.000373429575006,77.67881152631685,12.969829756831466,77.70065275433024
2026-09-29T05:37:00Z,2026-09-29 11:07:00,hosur_bommanahalli,ok,FRC1,31,40,75,58,1,False,12.909218593796567,77.62749282122297,12.91427319093241,77.62440291643713
2026-09-29T05:37:00Z,2026-09-29 11:07:00,sarjapur_agara,ok,FRC1,3,35,1228,105,1,False,12.917313432684539,77.64083412886617,12.923976051130884,77.64726874829438
2026-09-29T05:37:00Z,2026-09-29 11:07:00,old_airport_konena,ok,FRC2,23,33,2292,1597,1,False,12.956720480405576,77.74534372094678,12.972658179083226,77.61948508620713
2026-09-29T05:37:00Z,2026-09-29 11:07:00,varthur_kundalahalli,ok,FRC2,24,35,2192,1503,1,False,12.972670267685029,77.61953604817847,12.956926979936062,77.74537054303693
2026-09-29T06:07:00Z,2026-09-29 11:37:00,orr_hsr,ok,FRC1,43,43,59,59,1,False,12.917273237323744,77.64092666507719,12.916244577017903,77.63487560153817
2026-09-29T06:07:00Z,2026-09-29 11:37:00,orr_iblur,ok,FRC1,16,44,444,161,1,False,12.92075738312682,77.66533074380487,12.928526460252453,77.68170697094911
2026-09-29T06:07:00Z,2026-09-29 11:37:00,orr_bellandur,ok,FRC1,36,49,70,51,1,False,12.928526460252453,77.68170697094911,12.93191543996225,77.68717197181826
2026-09-29T06:07:00Z,2026-09-29 11:37:00,orr_marathahalli,ok,FRC1,16,40,873,349,1,False,12.969829756831466,77.70065275433024,12.937285233242429,77.69319621326713
2026-09-29T06:07:00Z,2026-09-29 11:37:00,orr_doddanekundi,ok,FRC1,35,41,758,647,1,False,12.94125482917495,77.69626600148536,13.000288982126634,77.68031892778362
2026-09-29T06:07:00Z,2026-09-29 11:37:00,orr_mahadevapura,ok,FRC1,37,45,413,339,1,False,13.000373429575006,77.67881152631685,12.969829756831466,77.70065275433024
2026-09-29T06:07:00Z,2026-09-29 11:37:00,hosur_bommanahalli,ok,FRC1,26,38,90,61,1,False,12.909218593796567,77.62749282122297,12.91427319093241,77.62440291643713
2026-09-29T06:07:00Z,2026-09-29 11:37:00,sarjapur_agara,ok,FRC1,8,41,460,89,1,False,12.917313432684539,77.64083412886617,12.923976051130884,77.64726874829438
2026-09-29T06:07:00Z,2026-09-29 11:37:00,old_airport_konena,ok,FRC2,23,32,2292,1647,1,False,12.956720480405576,77.74534372094678,12.972658179083226,77.61948508620713
2026-09-29T06:07:00Z,2026-09-29 11:37:00,varthur_kundalahalli,ok,FRC2,25,35,2104,1503,1,False,12.972670267685029,77.61953604817847,12.956926979936062,77.74537054303693
2026-09-29T06:37:00Z,2026-09-29 12:07:00,orr_hsr,ok,FRC1,43,43,59,59,1,False,12.917273237323744,77.64092666507719,12.916244577017903,77.63487560153817
2026-09-29T06:37:00Z,2026-09-29 12:07:00,orr_iblur,ok,FRC1,13,43,546,165,1,False,12.92075738312682,77.66533074380487,12.928526460252453,77.68170697094911
2026-09-29T06:37:00Z,2026-09-29 12:07:00,orr_bellandur,ok,FRC1,35,49,72,51,1,False,12.928526460252453,77.68170697094911,12.93191543996225,77.68717197181826
2026-09-29T06:37:00Z,2026-09-29 12:07:00,orr_marathahalli,ok,FRC1,20,40,698,349,1,False,12.969829756831466,77.70065275433024,12.937285233242429,77.69319621326713
2026-09-29T06:37:00Z,2026-09-29 12:07:00,orr_doddanekundi,ok,FRC1,41,41,647,647,1,False,12.94125482917495,77.69626600148536,13.000288982126634,77.68031892778362
2026-09-29T06:37:00Z,2026-09-29 12:07:00,orr_mahadevapura,ok,FRC1,37,45,413,339,1,False,13.000373429575006,77.67881152631685,12.969829756831466,77.70065275433024
2026-09-29T06:37:00Z,2026-09-29 12:07:00,hosur_bommanahalli,ok,FRC1,28,40,84,58,1,False,12.909218593796567,77.62749282122297,12.91427319093241,77.62440291643713
2026-09-29T06:37:00Z,2026-09-29 12:07:00,sarjapur_agara,ok,FRC1,11,38,335,96,1,False,12.917313432684539,77.64083412886617,12.923976051130884,77.64726874829438
2026-09-29T06:37:00Z,2026-09-29 12:07:00,old_airport_konena,ok,FRC2,25,33,2109,1597,1,False,12.956720480405576,77.74534372094678,12.972658179083226,77.61948508620713
2026-09-29T06:37:00Z,2026-09-29 12:07:00,varthur_kundalahalli,ok,FRC2,26,35,2023,1503,1,False,12.972670267685029,77.61953604817847,12.956926979936062,77.74537054303693
2026-09-29T07:07:00Z,2026-09-29 12:37:00,orr_hsr,ok,FRC1,43,43,59,59,1,False,12.917273237323744,77.64092666507719,12.916244577017903,77.63487560153817
2026-09-29T07:07:00Z,2026-09-29 12:37:00,orr_iblur,ok,FRC1,20,43,355,165,1,False,12.92075738312682,77.66533074380487,12.928526460252453,77.68170697094911
2026-09-29T07:07:00Z,2026-09-29 12:37:00,orr_bellandur,ok,FRC1,32,48,79,53,1,False,12.928526460252453,77.68170697094911,12.93191543996225,77.68717197181826
2026-09-29T07:07:00Z,2026-09-29 12:37:00,orr_marathahalli,ok,FRC1,18,40,776,349,1,False,12.969829756831466,77.70065275433024,12.937285233242429,77.69319621326713
2026-09-29T07:07:00Z,2026-09-29 12:37:00,orr_doddanekundi,ok,FRC1,33,41,804,647,1,False,12.94125482917495,77.69626600148536,13.000288982126634,77.68031892778362
2026-09-29T07:07:00Z,2026-09-29 12:37:00,orr_mahadevapura,ok,FRC1,37,46,413,332,1,False,13.000373429575006,77.67881152631685,12.969829756831466,77.70065275433024
2026-09-29T07:07:00Z,2026-09-29 12:37:00,hosur_bommanahalli,ok,FRC1,29,39,81,60,1,False,12.909218593796567,77.62749282122297,12.91427319093241,77.62440291643713
2026-09-29T07:07:00Z,2026-09-29 12:37:00,sarjapur_agara,ok,FRC1,13,38,283,96,1,False,12.917313432684539,77.64083412886617,12.923976051130884,77.64726874829438
2026-09-29T07:07:00Z,2026-09-29 12:37:00,old_airport_konena,ok,FRC2,23,32,2292,1647,1,False,12.956720480405576,77.74534372094678,12.972658179083226,77.61948508620713
2026-09-29T07:07:00Z,2026-09-29 12:37:00,varthur_kundalahalli,ok,FRC2,26,35,2023,1503,1,False,12.972670267685029,77.61953604817847,12.956926979936062,77.74537054303693
2026-09-29T07:37:01Z,2026-09-29 13:07:01,orr_hsr,ok,FRC1,43,43,59,59,1,False,12.917273237323744,77.64092666507719,12.916244577017903,77.63487560153817
2026-09-29T07:37:01Z,2026-09-29 13:07:01,orr_iblur,ok,FRC1,18,44,394,161,1,False,12.92075738312682,77.66533074380487,12.928526460252453,77.68170697094911
2026-09-29T07:37:01Z,2026-09-29 13:07:01,orr_bellandur,ok,FRC1,35,48,72,53,1,False,12.928526460252453,77.68170697094911,12.93191543996225,77.68717197181826
2026-09-29T07:37:01Z,2026-09-29 13:07:01,orr_marathahalli,ok,FRC1,20,40,698,349,1,False,12.969829756831466,77.70065275433024,12.937285233242429,77.69319621326713
2026-09-29T07:37:01Z,2026-09-29 13:07:01,orr_doddanekundi,ok,FRC1,34,42,781,632,1,False,12.94125482917495,77.69626600148536,13.000288982126634,77.68031892778362
2026-09-29T07:37:01Z,2026-09-29 13:07:01,orr_mahadevapura,ok,FRC1,36,45,424,339,1,False,13.000373429575006,77.67881152631685,12.969829756831466,77.70065275433024
2026-09-29T07:37:01Z,2026-09-29 13:07:01,hosur_bommanahalli,ok,FRC1,40,40,58,58,1,False,12.909218593796567,77.62749282122297,12.91427319093241,77.62440291643713
2026-09-29T07:37:01Z,2026-09-29 13:07:01,sarjapur_agara,ok,FRC1,30,38,122,96,1,False,12.917313432684539,77.64083412886617,12.923976051130884,77.64726874829438
2026-09-29T07:37:01Z,2026-09-29 13:07:01,old_airport_konena,ok,FRC2,26,33,2027,1597,1,False,12.956720480405576,77.74534372094678,12.972658179083226,77.61948508620713
2026-09-29T07:37:01Z,2026-09-29 13:07:01,varthur_kundalahalli,ok,FRC2,27,35,1949,1503,1,False,12.972670267685029,77.61953604817847,12.956926979936062,77.74537054303693
2026-09-29T08:07:00Z,2026-09-29 13:37:00,orr_hsr,ok,FRC1,43,43,59,59,1,False,12.917273237323744,77.64092666507719,12.916244577017903,77.63487560153817
2026-09-29T08:07:00Z,2026-09-29 13:37:00,orr_iblur,ok,FRC1,17,43,418,165,1,False,12.92075738312682,77.66533074380487,12.928526460252453,77.68170697094911
2026-09-29T08:07:00Z,2026-09-29 13:37:00,orr_bellandur,ok,FRC1,32,48,79,53,1,False,12.928526460252453,77.68170697094911,12.93191543996225,77.68717197181826
2026-09-29T08:07:00Z,2026-09-29 13:37:00,orr_marathahalli,ok,FRC1,22,39,635,358,1,False,12.969829756831466,77.70065275433024,12.937285233242429,77.69319621326713
2026-09-29T08:07:00Z,2026-09-29 13:37:00,orr_doddanekundi,ok,FRC1,41,41,647,647,1,False,12.94125482917495,77.69626600148536,13.000288982126634,77.68031892778362
2026-09-29T08:07:00Z,2026-09-29 13:37:00,orr_mahadevapura,ok,FRC1,37,45,413,339,1,False,13.000373429575006,77.67881152631685,12.969829756831466,77.70065275433024
2026-09-29T08:07:00Z,2026-09-29 13:37:00,hosur_bommanahalli,ok,FRC1,40,40,58,58,1,False,12.909218593796567,77.62749282122297,12.91427319093241,77.62440291643713
2026-09-29T08:07:00Z,2026-09-29 13:37:00,sarjapur_agara,ok,FRC1,32,38,115,96,1,False,12.917313432684539,77.64083412886617,12.923976051130884,77.64726874829438
2026-09-29T08:07:00Z,2026-09-29 13:37:00,old_airport_konena,ok,FRC2,23,33,2292,1597,1,False,12.956720480405576,77.74534372094678,12.972658179083226,77.61948508620713
2026-09-29T08:07:00Z,2026-09-29 13:37:00,varthur_kundalahalli,ok,FRC2,26,35,2023,1503,0.999055,False,12.972670267685029,77.61953604817847,12.956926979936062,77.74537054303693
2026-09-29T08:37:00Z,2026-09-29 14:07:00,orr_hsr,ok,FRC1,43,43,59,59,1,False,12.917273237323744,77.64092666507719,12.916244577017903,77.63487560153817
2026-09-29T08:37:00Z,2026-09-29 14:07:00,orr_iblur,ok,FRC1,11,43,646,165,1,False,12.92075738312682,77.66533074380487,12.928526460252453,77.68170697094911
2026-09-29T08:37:00Z,2026-09-29 14:07:00,orr_bellandur,ok,FRC1,36,48,70,53,1,False,12.928526460252453,77.68170697094911,12.93191543996225,77.68717197181826
2026-09-29T08:37:00Z,2026-09-29 14:07:00,orr_marathahalli,ok,FRC1,21,40,665,349,1,False,12.969829756831466,77.70065275433024,12.937285233242429,77.69319621326713
2026-09-29T08:37:00Z,2026-09-29 14:07:00,orr_doddanekundi,ok,FRC1,41,41,647,647,1,False,12.94125482917495,77.69626600148536,13.000288982126634,77.68031892778362
2026-09-29T08:37:00Z,2026-09-29 14:07:00,orr_mahadevapura,ok,FRC1,46,46,332,332,1,False,13.000373429575006,77.67881152631685,12.969829756831466,77.70065275433024
2026-09-29T08:37:00Z,2026-09-29 14:07:00,hosur_bommanahalli,ok,FRC1,29,39,81,60,1,False,12.909218593796567,77.62749282122297,12.91427319093241,77.62440291643713
2026-09-29T08:37:00Z,2026-09-29 14:07:00,sarjapur_agara,ok,FRC1,39,39,94,94,1,False,12.917313432684539,77.64083412886617,12.923976051130884,77.64726874829438
2026-09-29T08:37:00Z,2026-09-29 14:07:00,old_airport_konena,ok,FRC2,25,33,2109,1597,1,False,12.956720480405576,77.74534372094678,12.972658179083226,77.61948508620713
2026-09-29T08:37:00Z,2026-09-29 14:07:00,varthur_kundalahalli,ok,FRC2,27,35,1949,1503,1,False,12.972670267685029,77.61953604817847,12.956926979936062,77.74537054303693
2026-09-29T09:07:01Z,2026-09-29 14:37:01,orr_hsr,ok,FRC1,43,43,59,59,1,False,12.917273237323744,77.64092666507719,12.916244577017903,77.63487560153817
2026-09-29T09:07:01Z,2026-09-29 14:37:01,orr_iblur,ok,FRC1,11,44,646,161,1,False,12.92075738312682,77.66533074380487,12.928526460252453,77.68170697094911
2026-09-29T09:07:01Z,2026-09-29 14:37:01,orr_bellandur,ok,FRC1,37,49,68,51,1,False,12.928526460252453,77.68170697094911,12.93191543996225,77.68717197181826
2026-09-29T09:07:01Z,2026-09-29 14:37:01,orr_marathahalli,ok,FRC1,20,40,698,349,1,False,12.969829756831466,77.70065275433024,12.937285233242429,77.69319621326713
2026-09-29T09:07:01Z,2026-09-29 14:37:01,orr_doddanekundi,ok,FRC1,41,41,647,647,1,False,12.94125482917495,77.69626600148536,13.000288982126634,77.68031892778362
2026-09-29T09:07:01Z,2026-09-29 14:37:01,orr_mahadevapura,ok,FRC1,34,45,449,339,1,False,13.000373429575006,77.67881152631685,12.969829756831466,77.70065275433024
2026-09-29T09:07:01Z,2026-09-29 14:37:01,hosur_bommanahalli,ok,FRC1,20,41,117,57,1,False,12.909218593796567,77.62749282122297,12.91427319093241,77.62440291643713
2026-09-29T09:07:01Z,2026-09-29 14:37:01,sarjapur_agara,ok,FRC1,39,39,94,94,1,False,12.917313432684539,77.64083412886617,12.923976051130884,77.64726874829438
2026-09-29T09:07:01Z,2026-09-29 14:37:01,old_airport_konena,ok,FRC2,25,33,2109,1597,1,False,12.956720480405576,77.74534372094678,12.972658179083226,77.61948508620713
2026-09-29T09:07:01Z,2026-09-29 14:37:01,varthur_kundalahalli,ok,FRC2,28,35,1879,1503,1,False,12.972670267685029,77.61953604817847,12.956926979936062,77.74537054303693
2026-09-29T09:37:00Z,2026-09-29 15:07:00,orr_hsr,ok,FRC1,43,43,59,59,1,False,12.917273237323744,77.64092666507719,12.916244577017903,77.63487560153817
2026-09-29T09:37:00Z,2026-09-29 15:07:00,orr_iblur,ok,FRC1,19,43,374,165,1,False,12.92075738312682,77.66533074380487,12.928526460252453,77.68170697094911
2026-09-29T09:37:00Z,2026-09-29 15:07:00,orr_bellandur,ok,FRC1,27,47,94,54,1,False,12.928526460252453,77.68170697094911,12.93191543996225,77.68717197181826
2026-09-29T09:37:00Z,2026-09-29 15:07:00,orr_marathahalli,ok,FRC1,11,39,1270,358,1,False,12.969829756831466,77.70065275433024,12.937285233242429,77.69319621326713
2026-09-29T09:37:00Z,2026-09-29 15:07:00,orr_doddanekundi,ok,FRC1,33,41,804,647,1,False,12.94125482917495,77.69626600148536,13.000288982126634,77.68031892778362
2026-09-29T09:37:00Z,2026-09-29 15:07:00,orr_mahadevapura,ok,FRC1,37,46,413,332,1,False,13.000373429575006,77.67881152631685,12.969829756831466,77.70065275433024
2026-09-29T09:37:00Z,2026-09-29 15:07:00,hosur_bommanahalli,ok,FRC1,40,40,58,58,1,False,12.909218593796567,77.62749282122297,12.91427319093241,77.62440291643713
2026-09-29T09:37:00Z,2026-09-29 15:07:00,sarjapur_agara,ok,FRC1,39,39,94,94,1,False,12.917313432684539,77.64083412886617,12.923976051130884,77.64726874829438
2026-09-29T09:37:00Z,2026-09-29 15:07:00,old_airport_konena,ok,FRC2,24,33,2196,1597,1,False,12.956720480405576,77.74534372094678,12.972658179083226,77.61948508620713
2026-09-29T09:37:00Z,2026-09-29 15:07:00,varthur_kundalahalli,ok,FRC2,26,35,2023,1503,1,False,12.972670267685029,77.61953604817847,12.956926979936062,77.74537054303693
2026-09-29T10:07:01Z,2026-09-29 15:37:01,orr_hsr,ok,FRC1,43,43,59,59,1,False,12.917273237323744,77.64092666507719,12.916244577017903,77.63487560153817
2026-09-29T10:07:01Z,2026-09-29 15:37:01,orr_iblur,ok,FRC1,24,44,296,161,1,False,12.92075738312682,77.66533074380487,12.928526460252453,77.68170697094911
2026-09-29T10:07:01Z,2026-09-29 15:37:01,orr_bellandur,ok,FRC1,7,48,363,53,1,False,12.928526460252453,77.68170697094911,12.93191543996225,77.68717197181826
2026-09-29T10:07:01Z,2026-09-29 15:37:01,orr_marathahalli,ok,FRC1,8,38,1747,367,1,False,12.969829756831466,77.70065275433024,12.937285233242429,77.69319621326713
2026-09-29T10:07:01Z,2026-09-29 15:37:01,orr_doddanekundi,ok,FRC1,29,42,915,632,1,False,12.94125482917495,77.69626600148536,13.000288982126634,77.68031892778362
2026-09-29T10:07:01Z,2026-09-29 15:37:01,orr_mahadevapura,ok,FRC1,35,45,437,339,1,False,13.000373429575006,77.67881152631685,12.969829756831466,77.70065275433024
2026-09-29T10:07:01Z,2026-09-29 15:37:01,hosur_bommanahalli,ok,FRC1,31,39,75,60,1,False,12.909218593796567,77.62749282122297,12.91427319093241,77.62440291643713
2026-09-29T10:07:01Z,2026-09-29 15:37:01,sarjapur_agara,ok,FRC1,39,39,94,94,1,False,12.917313432684539,77.64083412886617,12.923976051130884,77.64726874829438
2026-09-29T10:07:01Z,2026-09-29 15:37:01,old_airport_konena,ok,FRC2,22,33,2396,1597,1,False,12.956720480405576,77.74534372094678,12.972658179083226,77.61948508620713
2026-09-29T10:07:01Z,2026-09-29 15:37:01,varthur_kundalahalli,ok,FRC2,25,35,2104,1503,1,False,12.972670267685029,77.61953604817847,12.956926979936062,77.74537054303693
2026-09-29T10:37:00Z,2026-09-29 16:07:00,orr_hsr,ok,FRC1,30,42,85,60,1,False,12.917273237323744,77.64092666507719,12.916244577017903,77.63487560153817
2026-09-29T10:37:00Z,2026-09-29 16:07:00,orr_iblur,ok,FRC1,31,42,229,169,1,False,12.92075738312682,77.66533074380487,12.928526460252453,77.68170697094911
2026-09-29T10:37:00Z,2026-09-29 16:07:00,orr_bellandur,ok,FRC1,21,48,121,53,1,False,12.928526460252453,77.68170697094911,12.93191543996225,77.68717197181826
2026-09-29T10:37:00Z,2026-09-29 16:07:00,orr_marathahalli,ok,FRC1,11,38,1270,367,1,False,12.969829756831466,77.70065275433024,12.937285233242429,77.69319621326713
2026-09-29T10:37:00Z,2026-09-29 16:07:00,orr_doddanekundi,ok,FRC1,28,42,948,632,1,False,12.94125482917495,77.69626600148536,13.000288982126634,77.68031892778362
2026-09-29T10:37:00Z,2026-09-29 16:07:00,orr_mahadevapura,ok,FRC1,36,46,424,332,1,False,13.000373429575006,77.67881152631685,12.969829756831466,77.70065275433024
2026-09-29T10:37:00Z,2026-09-29 16:07:00,hosur_bommanahalli,ok,FRC1,32,40,73,58,1,False,12.909218593796567,77.62749282122297,12.91427319093241,77.62440291643713
2026-09-29T10:37:00Z,2026-09-29 16:07:00,sarjapur_agara,ok,FRC1,26,38,141,96,1,False,12.917313432684539,77.64083412886617,12.923976051130884,77.64726874829438
2026-09-29T10:37:00Z,2026-09-29 16:07:00,old_airport_konena,ok,FRC2,23,33,2292,1597,1,False,12.956720480405576,77.74534372094678,12.972658179083226,77.61948508620713
2026-09-29T10:37:00Z,2026-09-29 16:07:00,varthur_kundalahalli,ok,FRC2,24,35,2192,1503,1,False,12.972670267685029,77.61953604817847,12.956926979936062,77.74537054303693
2026-09-29T10:52:00Z,2026-09-29 16:22:00,orr_hsr,ok,FRC1,43,43,59,59,1,False,12.917273237323744,77.64092666507719,12.916244577017903,77.63487560153817
2026-09-29T10:52:00Z,2026-09-29 16:22:00,orr_iblur,ok,FRC1,27,43,263,165,1,False,12.92075738312682,77.66533074380487,12.928526460252453,77.68170697094911
2026-09-29T10:52:00Z,2026-09-29 16:22:00,orr_bellandur,ok,FRC1,49,49,51,51,1,False,12.928526460252453,77.68170697094911,12.93191543996225,77.68717197181826
2026-09-29T10:52:00Z,2026-09-29 16:22:00,orr_marathahalli,ok,FRC1,11,40,1270,349,1,False,12.969829756831466,77.70065275433024,12.937285233242429,77.69319621326713
2026-09-29T10:52:00Z,2026-09-29 16:22:00,orr_doddanekundi,ok,FRC1,26,41,1021,647,1,False,12.94125482917495,77.69626600148536,13.000288982126634,77.68031892778362
2026-09-29T10:52:00Z,2026-09-29 16:22:00,orr_mahadevapura,ok,FRC1,34,46,449,332,1,False,13.000373429575006,77.67881152631685,12.969829756831466,77.70065275433024
2026-09-29T10:52:00Z,2026-09-29 16:22:00,hosur_bommanahalli,ok,FRC1,40,40,58,58,1,False,12.909218593796567,77.62749282122297,12.91427319093241,77.62440291643713
2026-09-29T10:52:00Z,2026-09-29 16:22:00,sarjapur_agara,ok,FRC1,33,39,111,94,1,False,12.917313432684539,77.64083412886617,12.923976051130884,77.64726874829438
2026-09-29T10:52:00Z,2026-09-29 16:22:00,old_airport_konena,ok,FRC2,22,33,2396,1597,1,False,12.956720480405576,77.74534372094678,12.972658179083226,77.61948508620713
2026-09-29T10:52:00Z,2026-09-29 16:22:00,varthur_kundalahalli,ok,FRC2,25,35,2104,1503,1,False,12.972670267685029,77.61953604817847,12.956926979936062,77.74537054303693
2026-09-29T11:07:00Z,2026-09-29 16:37:00,orr_hsr,ok,FRC1,31,43,82,59,1,False,12.917273237323744,77.64092666507719,12.916244577017903,77.63487560153817
2026-09-29T11:07:00Z,2026-09-29 16:37:00,orr_iblur,ok,FRC1,31,44,229,161,1,False,12.92075738312682,77.66533074380487,12.928526460252453,77.68170697094911
2026-09-29T11:07:00Z,2026-09-29 16:37:00,orr_bellandur,ok,FRC1,34,48,74,53,1,False,12.928526460252453,77.68170697094911,12.93191543996225,77.68717197181826
2026-09-29T11:07:00Z,2026-09-29 16:37:00,orr_marathahalli,ok,FRC1,10,38,1397,367,1,False,12.969829756831466,77.70065275433024,12.937285233242429,77.69319621326713
2026-09-29T11:07:00Z,2026-09-29 16:37:00,orr_doddanekundi,ok,FRC1,26,41,1021,647,1,False,12.94125482917495,77.69626600148536,13.000288982126634,77.68031892778362
2026-09-29T11:07:00Z,2026-09-29 16:37:00,orr_mahadevapura,ok,FRC1,35,45,437,339,1,False,13.000373429575006,77.67881152631685,12.969829756831466,77.70065275433024
2026-09-29T11:07:00Z,2026-09-29 16:37:00,hosur_bommanahalli,ok,FRC1,40,40,58,58,1,False,12.909218593796567,77.62749282122297,12.91427319093241,77.62440291643713
2026-09-29T11:07:00Z,2026-09-29 16:37:00,sarjapur_agara,ok,FRC1,31,38,118,96,1,False,12.917313432684539,77.64083412886617,12.923976051130884,77.64726874829438
2026-09-29T11:07:00Z,2026-09-29 16:37:00,old_airport_konena,ok,FRC2,22,33,2396,1597,1,False,12.956720480405576,77.74534372094678,12.972658179083226,77.61948508620713
2026-09-29T11:07:00Z,2026-09-29 16:37:00,varthur_kundalahalli,ok,FRC2,24,35,2192,1503,1,False,12.972670267685029,77.61953604817847,12.956926979936062,77.74537054303693
2026-09-29T11:22:00Z,2026-09-29 16:52:00,orr_hsr,ok,FRC1,31,42,82,60,1,False,12.917273237323744,77.64092666507719,12.916244577017903,77.63487560153817
2026-09-29T11:22:00Z,2026-09-29 16:52:00,orr_iblur,ok,FRC1,26,43,273,165,1,False,12.92075738312682,77.66533074380487,12.928526460252453,77.68170697094911
2026-09-29T11:22:00Z,2026-09-29 16:52:00,orr_bellandur,ok,FRC1,49,49,51,51,1,False,12.928526460252453,77.68170697094911,12.93191543996225,77.68717197181826
2026-09-29T11:22:00Z,2026-09-29 16:52:00,orr_marathahalli,ok,FRC1,8,39,1747,358,1,False,12.969829756831466,77.70065275433024,12.937285233242429,77.69319621326713
2026-09-29T11:22:00Z,2026-09-29 16:52:00,orr_doddanekundi,ok,FRC1,24,41,1106,647,1,False,12.94125482917495,77.69626600148536,13.000288982126634,77.68031892778362
2026-09-29T11:22:00Z,2026-09-29 16:52:00,orr_mahadevapura,ok,FRC1,36,46,424,332,1,False,13.000373429575006,77.67881152631685,12.969829756831466,77.70065275433024
2026-09-29T11:22:00Z,2026-09-29 16:52:00,hosur_bommanahalli,ok,FRC1,30,40,78,58,1,False,12.909218593796567,77.62749282122297,12.91427319093241,77.62440291643713
2026-09-29T11:22:00Z,2026-09-29 16:52:00,sarjapur_agara,ok,FRC1,30,38,122,96,1,False,12.917313432684539,77.64083412886617,12.923976051130884,77.64726874829438
2026-09-29T11:22:00Z,2026-09-29 16:52:00,old_airport_konena,ok,FRC2,22,33,2396,1597,1,False,12.956720480405576,77.74534372094678,12.972658179083226,77.61948508620713
2026-09-29T11:22:00Z,2026-09-29 16:52:00,varthur_kundalahalli,ok,FRC2,24,35,2192,1503,1,False,12.972670267685029,77.61953604817847,12.956926979936062,77.74537054303693
2026-09-29T11:37:00Z,2026-09-29 17:07:00,orr_hsr,ok,FRC1,43,43,59,59,1,False,12.917273237323744,77.64092666507719,12.916244577017903,77.63487560153817
2026-09-29T11:37:00Z,2026-09-29 17:07:00,orr_iblur,ok,FRC1,18,42,394,169,1,False,12.92075738312682,77.66533074380487,12.928526460252453,77.68170697094911
2026-09-29T11:37:00Z,2026-09-29 17:07:00,orr_bellandur,ok,FRC1,49,49,51,51,1,False,12.928526460252453,77.68170697094911,12.93191543996225,77.68717197181826
2026-09-29T11:37:00Z,2026-09-29 17:07:00,orr_marathahalli,ok,FRC1,6,41,2329,340,1,False,12.969829756831466,77.70065275433024,12.937285233242429,77.69319621326713
2026-09-29T11:37:00Z,2026-09-29 17:07:00,orr_doddanekundi,ok,FRC1,25,41,1062,647,1,False,12.94125482917495,77.69626600148536,13.000288982126634,77.68031892778362
2026-09-29T11:37:00Z,2026-09-29 17:07:00,orr_mahadevapura,ok,FRC1,37,45,413,339,1,False,13.000373429575006,77.67881152631685,12.969829756831466,77.70065275433024
2026-09-29T11:37:00Z,2026-09-29 17:07:00,hosur_bommanahalli,ok,FRC1,26,39,90,60,1,False,12.909218593796567,77.62749282122297,12.91427319093241,77.62440291643713
2026-09-29T11:37:00Z,2026-09-29 17:07:00,sarjapur_agara,ok,FRC1,31,38,118,96,1,False,12.917313432684539,77.64083412886617,12.923976051130884,77.64726874829438
2026-09-29T11:37:00Z,2026-09-29 17:07:00,old_airport_konena,ok,FRC2,21,33,2510,1597,1,False,12.956720480405576,77.74534372094678,12.972658179083226,77.61948508620713
2026-09-29T11:37:00Z,2026-09-29 17:07:00,varthur_kundalahalli,ok,FRC2,22,35,2391,1503,1,False,12.972670267685029,77.61953604817847,12.956926979936062,77.74537054303693
2026-09-29T11:52:00Z,2026-09-29 17:22:00,orr_hsr,ok,FRC1,31,42,82,60,1,False,12.917273237323744,77.64092666507719,12.916244577017903,77.63487560153817
2026-09-29T11:52:00Z,2026-09-29 17:22:00,orr_iblur,ok,FRC1,23,43,309,165,1,False,12.92075738312682,77.66533074380487,12.928526460252453,77.68170697094911
2026-09-29T11:52:00Z,2026-09-29 17:22:00,orr_bellandur,ok,FRC1,23,48,110,53,1,False,12.928526460252453,77.68170697094911,12.93191543996225,77.68717197181826
2026-09-29T11:52:00Z,2026-09-29 17:22:00,orr_marathahalli,ok,FRC1,9,41,1552,340,1,False,12.969829756831466,77.70065275433024,12.937285233242429,77.69319621326713
2026-09-29T11:52:00Z,2026-09-29 17:22:00,orr_doddanekundi,ok,FRC1,25,41,1062,647,1,False,12.94125482917495,77.69626600148536,13.000288982126634,77.68031892778362
2026-09-29T11:52:00Z,2026-09-29 17:22:00,orr_mahadevapura,ok,FRC1,35,45,437,339,1,False,13.000373429575006,77.67881152631685,12.969829756831466,77.70065275433024
2026-09-29T11:52:00Z,2026-09-29 17:22:00,hosur_bommanahalli,ok,FRC1,29,38,81,61,1,False,12.909218593796567,77.62749282122297,12.91427319093241,77.62440291643713
2026-09-29T11:52:00Z,2026-09-29 17:22:00,sarjapur_agara,ok,FRC1,39,39,94,94,1,False,12.917313432684539,77.64083412886617,12.923976051130884,77.64726874829438
2026-09-29T11:52:00Z,2026-09-29 17:22:00,old_airport_konena,ok,FRC2,22,32,2396,1647,1,False,12.956720480405576,77.74534372094678,12.972658179083226,77.61948508620713
2026-09-29T11:52:00Z,2026-09-29 17:22:00,varthur_kundalahalli,ok,FRC2,22,35,2391,1503,1,False,12.972670267685029,77.61953604817847,12.956926979936062,77.74537054303693
2026-09-29T12:07:00Z,2026-09-29 17:37:00,orr_hsr,ok,FRC1,43,43,59,59,1,False,12.917273237323744,77.64092666507719,12.916244577017903,77.63487560153817
2026-09-29T12:07:00Z,2026-09-29 17:37:00,orr_iblur,ok,FRC1,30,43,236,165,1,False,12.92075738312682,77.66533074380487,12.928526460252453,77.68170697094911
2026-09-29T12:07:00Z,2026-09-29 17:37:00,orr_bellandur,ok,FRC1,33,49,77,51,1,False,12.928526460252453,77.68170697094911,12.93191543996225,77.68717197181826
2026-09-29T12:07:00Z,2026-09-29 17:37:00,orr_marathahalli,ok,FRC1,7,39,1996,358,1,False,12.969829756831466,77.70065275433024,12.937285233242429,77.69319621326713
2026-09-29T12:07:00Z,2026-09-29 17:37:00,orr_doddanekundi,ok,FRC1,27,42,983,632,1,False,12.94125482917495,77.69626600148536,13.000288982126634,77.68031892778362
2026-09-29T12:07:00Z,2026-09-29 17:37:00,orr_mahadevapura,ok,FRC1,32,46,477,332,1,False,13.000373429575006,77.67881152631685,12.969829756831466,77.70065275433024
2026-09-29T12:07:00Z,2026-09-29 17:37:00,hosur_bommanahalli,ok,FRC1,40,40,58,58,1,False,12.909218593796567,77.62749282122297,12.91427319093241,77.62440291643713
2026-09-29T12:07:00Z,2026-09-29 17:37:00,sarjapur_agara,ok,FRC1,39,39,94,94,1,False,12.917313432684539,77.64083412886617,12.923976051130884,77.64726874829438
2026-09-29T12:07:00Z,2026-09-29 17:37:00,old_airport_konena,ok,FRC2,22,33,2396,1597,1,False,12.956720480405576,77.74534372094678,12.972658179083226,77.61948508620713
2026-09-29T12:07:00Z,2026-09-29 17:37:00,varthur_kundalahalli,ok,FRC2,21,35,2505,1503,1,False,12.972670267685029,77.61953604817847,12.956926979936062,77.74537054303693
2026-09-29T12:22:00Z,2026-09-29 17:52:00,orr_hsr,ok,FRC1,34,42,75,60,1,False,12.917273237323744,77.64092666507719,12.916244577017903,77.63487560153817
2026-09-29T12:22:00Z,2026-09-29 17:52:00,orr_iblur,ok,FRC1,36,42,197,169,1,False,12.92075738312682,77.66533074380487,12.928526460252453,77.68170697094911
2026-09-29T12:22:00Z,2026-09-29 17:52:00,orr_bellandur,ok,FRC1,24,48,106,53,1,False,12.928526460252453,77.68170697094911,12.93191543996225,77.68717197181826
2026-09-29T12:22:00Z,2026-09-29 17:52:00,orr_marathahalli,ok,FRC1,9,39,1552,358,1,False,12.969829756831466,77.70065275433024,12.937285233242429,77.69319621326713
2026-09-29T12:22:00Z,2026-09-29 17:52:00,orr_doddanekundi,ok,FRC1,27,41,983,647,1,False,12.94125482917495,77.69626600148536,13.000288982126634,77.68031892778362
2026-09-29T12:22:00Z,2026-09-29 17:52:00,orr_mahadevapura,ok,FRC1,34,46,449,332,1,False,13.000373429575006,77.67881152631685,12.969829756831466,77.70065275433024
2026-09-29T12:22:00Z,2026-09-29 17:52:00,hosur_bommanahalli,ok,FRC1,40,40,58,58,1,False,12.909218593796567,77.62749282122297,12.91427319093241,77.62440291643713
2026-09-29T12:22:00Z,2026-09-29 17:52:00,sarjapur_agara,ok,FRC1,39,39,94,94,1,False,12.917313432684539,77.64083412886617,12.923976051130884,77.64726874829438
2026-09-29T12:22:00Z,2026-09-29 17:52:00,old_airport_konena,ok,FRC2,24,33,2196,1597,1,False,12.956720480405576,77.74534372094678,12.972658179083226,77.61948508620713
2026-09-29T12:22:00Z,2026-09-29 17:52:00,varthur_kundalahalli,ok,FRC2,22,35,2391,1503,1,False,12.972670267685029,77.61953604817847,12.956926979936062,77.74537054303693
2026-09-29T12:37:00Z,2026-09-29 18:07:00,orr_hsr,ok,FRC1,34,43,75,59,1,False,12.917273237323744,77.64092666507719,12.916244577017903,77.63487560153817
2026-09-29T12:37:00Z,2026-09-29 18:07:00,orr_iblur,ok,FRC1,42,42,169,169,1,False,12.92075738312682,77.66533074380487,12.928526460252453,77.68170697094911
2026-09-29T12:37:00Z,2026-09-29 18:07:00,orr_bellandur,ok,FRC1,32,49,79,51,1,False,12.928526460252453,77.68170697094911,12.93191543996225,77.68717197181826
2026-09-29T12:37:00Z,2026-09-29 18:07:00,orr_marathahalli,ok,FRC1,17,39,822,358,1,False,12.969829756831466,77.70065275433024,12.937285233242429,77.69319621326713
2026-09-29T12:37:00Z,2026-09-29 18:07:00,orr_doddanekundi,ok,FRC1,28,41,948,647,1,False,12.94125482917495,77.69626600148536,13.000288982126634,77.68031892778362
2026-09-29T12:37:00Z,2026-09-29 18:07:00,orr_mahadevapura,ok,FRC1,33,46,463,332,1,False,13.000373429575006,77.67881152631685,12.969829756831466,77.70065275433024
2026-09-29T12:37:00Z,2026-09-29 18:07:00,hosur_bommanahalli,ok,FRC1,31,38,75,61,1,False,12.909218593796567,77.62749282122297,12.91427319093241,77.62440291643713
2026-09-29T12:37:00Z,2026-09-29 18:07:00,sarjapur_agara,ok,FRC1,30,38,122,96,1,False,12.917313432684539,77.64083412886617,12.923976051130884,77.64726874829438
2026-09-29T12:37:00Z,2026-09-29 18:07:00,old_airport_konena,ok,FRC2,22,33,2396,1597,1,False,12.956720480405576,77.74534372094678,12.972658179083226,77.61948508620713
2026-09-29T12:37:00Z,2026-09-29 18:07:00,varthur_kundalahalli,ok,FRC2,23,35,2287,1503,1,False,12.972670267685029,77.61953604817847,12.956926979936062,77.74537054303693
2026-09-29T12:52:00Z,2026-09-29 18:22:00,orr_hsr,ok,FRC1,28,41,91,62,1,False,12.917273237323744,77.64092666507719,12.916244577017903,77.63487560153817
2026-09-29T12:52:00Z,2026-09-29 18:22:00,orr_iblur,ok,FRC1,35,43,203,165,1,False,12.92075738312682,77.66533074380487,12.928526460252453,77.68170697094911
2026-09-29T12:52:00Z,2026-09-29 18:22:00,orr_bellandur,ok,FRC1,49,49,51,51,1,False,12.928526460252453,77.68170697094911,12.93191543996225,77.68717197181826
2026-09-29T12:52:00Z,2026-09-29 18:22:00,orr_marathahalli,ok,FRC1,19,39,735,358,1,False,12.969829756831466,77.70065275433024,12.937285233242429,77.69319621326713
2026-09-29T12:52:00Z,2026-09-29 18:22:00,orr_doddanekundi,ok,FRC1,29,41,915,647,1,False,12.94125482917495,77.69626600148536,13.000288982126634,77.68031892778362
2026-09-29T12:52:00Z,2026-09-29 18:22:00,orr_mahadevapura,ok,FRC1,31,46,493,332,1,False,13.000373429575006,77.67881152631685,12.969829756831466,77.70065275433024
2026-09-29T12:52:00Z,2026-09-29 18:22:00,hosur_bommanahalli,ok,FRC1,40,40,58,58,1,False,12.909218593796567,77.62749282122297,12.91427319093241,77.62440291643713
2026-09-29T12:52:00Z,2026-09-29 18:22:00,sarjapur_agara,ok,FRC1,30,39,122,94,1,False,12.917313432684539,77.64083412886617,12.923976051130884,77.64726874829438
2026-09-29T12:52:00Z,2026-09-29 18:22:00,old_airport_konena,ok,FRC2,22,32,2396,1647,1,False,12.956720480405576,77.74534372094678,12.972658179083226,77.61948508620713
2026-09-29T12:52:00Z,2026-09-29 18:22:00,varthur_kundalahalli,ok,FRC2,21,35,2505,1503,1,False,12.972670267685029,77.61953604817847,12.956926979936062,77.74537054303693
2026-09-29T13:07:00Z,2026-09-29 18:37:00,orr_hsr,ok,FRC1,23,41,111,62,1,False,12.917273237323744,77.64092666507719,12.916244577017903,77.63487560153817
2026-09-29T13:07:00Z,2026-09-29 18:37:00,orr_iblur,ok,FRC1,21,42,338,169,1,False,12.92075738312682,77.66533074380487,12.928526460252453,77.68170697094911
2026-09-29T13:07:00Z,2026-09-29 18:37:00,orr_bellandur,ok,FRC1,25,49,101,51,1,False,12.928526460252453,77.68170697094911,12.93191543996225,77.68717197181826
2026-09-29T13:07:00Z,2026-09-29 18:37:00,orr_marathahalli,ok,FRC1,26,40,537,349,1,False,12.969829756831466,77.70065275433024,12.937285233242429,77.69319621326713
2026-09-29T13:07:00Z,2026-09-29 18:37:00,orr_doddanekundi,ok,FRC1,28,42,948,632,1,False,12.94125482917495,77.69626600148536,13.000288982126634,77.68031892778362
2026-09-29T13:07:00Z,2026-09-29 18:37:00,orr_mahadevapura,ok,FRC1,31,45,493,339,1,False,13.000373429575006,77.67881152631685,12.969829756831466,77.70065275433024
2026-09-29T13:07:00Z,2026-09-29 18:37:00,hosur_bommanahalli,ok,FRC1,40,40,58,58,1,False,12.909218593796567,77.62749282122297,12.91427319093241,77.62440291643713
2026-09-29T13:07:00Z,2026-09-29 18:37:00,sarjapur_agara,ok,FRC1,28,38,131,96,1,False,12.917313432684539,77.64083412886617,12.923976051130884,77.64726874829438
2026-09-29T13:07:00Z,2026-09-29 18:37:00,old_airport_konena,ok,FRC2,22,33,2396,1597,1,False,12.956720480405576,77.74534372094678,12.972658179083226,77.61948508620713
2026-09-29T13:07:00Z,2026-09-29 18:37:00,varthur_kundalahalli,ok,FRC2,22,35,2391,1503,1,False,12.972670267685029,77.61953604817847,12.956926979936062,77.74537054303693
2026-09-29T13:22:00Z,2026-09-29 18:52:00,orr_hsr,ok,FRC1,17,44,150,58,1,False,12.917273237323744,77.64092666507719,12.916244577017903,77.63487560153817
2026-09-29T13:22:00Z,2026-09-29 18:52:00,orr_iblur,ok,FRC1,14,44,507,161,1,False,12.92075738312682,77.66533074380487,12.928526460252453,77.68170697094911
2026-09-29T13:22:00Z,2026-09-29 18:52:00,orr_bellandur,ok,FRC1,25,50,101,50,1,False,12.928526460252453,77.68170697094911,12.93191543996225,77.68717197181826
2026-09-29T13:22:00Z,2026-09-29 18:52:00,orr_marathahalli,ok,FRC1,23,41,607,340,1,False,12.969829756831466,77.70065275433024,12.937285233242429,77.69319621326713
2026-09-29T13:22:00Z,2026-09-29 18:52:00,orr_doddanekundi,ok,FRC1,28,41,948,647,1,False,12.94125482917495,77.69626600148536,13.000288982126634,77.68031892778362
2026-09-29T13:22:00Z,2026-09-29 18:52:00,orr_mahadevapura,ok,FRC1,34,46,449,332,1,False,13.000373429575006,77.67881152631685,12.969829756831466,77.70065275433024
2026-09-29T13:22:00Z,2026-09-29 18:52:00,hosur_bommanahalli,ok,FRC1,40,40,58,58,1,False,12.909218593796567,77.62749282122297,12.91427319093241,77.62440291643713
2026-09-29T13:22:00Z,2026-09-29 18:52:00,sarjapur_agara,ok,FRC1,29,38,127,96,1,False,12.917313432684539,77.64083412886617,12.923976051130884,77.64726874829438
2026-09-29T13:22:00Z,2026-09-29 18:52:00,old_airport_konena,ok,FRC2,23,33,2292,1597,1,False,12.956720480405576,77.74534372094678,12.972658179083226,77.61948508620713
2026-09-29T13:22:00Z,2026-09-29 18:52:00,varthur_kundalahalli,ok,FRC2,21,34,2505,1547,0.99885,False,12.972670267685029,77.61953604817847,12.956926979936062,77.74537054303693
2026-09-29T13:37:00Z,2026-09-29 19:07:00,orr_hsr,ok,FRC1,24,43,106,59,1,False,12.917273237323744,77.64092666507719,12.916244577017903,77.63487560153817
2026-09-29T13:37:00Z,2026-09-29 19:07:00,orr_iblur,ok,FRC1,12,42,592,169,1,False,12.92075738312682,77.66533074380487,12.928526460252453,77.68170697094911
2026-09-29T13:37:00Z,2026-09-29 19:07:00,orr_bellandur,ok,FRC1,30,49,84,51,1,False,12.928526460252453,77.68170697094911,12.93191543996225,77.68717197181826
2026-09-29T13:37:00Z,2026-09-29 19:07:00,orr_marathahalli,ok,FRC1,19,39,735,358,1,False,12.969829756831466,77.70065275433024,12.937285233242429,77.69319621326713
2026-09-29T13:37:00Z,2026-09-29 19:07:00,orr_doddanekundi,ok,FRC1,30,41,885,647,1,False,12.94125482917495,77.69626600148536,13.000288982126634,77.68031892778362
2026-09-29T13:37:00Z,2026-09-29 19:07:00,orr_mahadevapura,ok,FRC1,35,46,437,332,1,False,13.000373429575006,77.67881152631685,12.969829756831466,77.70065275433024
2026-09-29T13:37:00Z,2026-09-29 19:07:00,hosur_bommanahalli,ok,FRC1,40,40,58,58,1,False,12.909218593796567,77.62749282122297,12.91427319093241,77.62440291643713
2026-09-29T13:37:00Z,2026-09-29 19:07:00,sarjapur_agara,ok,FRC1,24,39,153,94,1,False,12.917313432684539,77.64083412886617,12.923976051130884,77.64726874829438
2026-09-29T13:37:00Z,2026-09-29 19:07:00,old_airport_konena,ok,FRC2,23,33,2292,1597,1,False,12.956720480405576,77.74534372094678,12.972658179083226,77.61948508620713
2026-09-29T13:37:00Z,2026-09-29 19:07:00,varthur_kundalahalli,ok,FRC2,21,35,2505,1503,0.999453,False,12.972670267685029,77.61953604817847,12.956926979936062,77.74537054303693
2026-09-29T13:52:00Z,2026-09-29 19:22:00,orr_hsr,ok,FRC1,30,42,85,60,1,False,12.917273237323744,77.64092666507719,12.916244577017903,77.63487560153817
2026-09-29T13:52:00Z,2026-09-29 19:22:00,orr_iblur,ok,FRC1,16,43,444,165,1,False,12.92075738312682,77.66533074380487,12.928526460252453,77.68170697094911
2026-09-29T13:52:00Z,2026-09-29 19:22:00,orr_bellandur,ok,FRC1,35,48,72,53,1,False,12.928526460252453,77.68170697094911,12.93191543996225,77.68717197181826
2026-09-29T13:52:00Z,2026-09-29 19:22:00,orr_marathahalli,ok,FRC1,23,40,607,349,1,False,12.969829756831466,77.70065275433024,12.937285233242429,77.69319621326713
2026-09-29T13:52:00Z,2026-09-29 19:22:00,orr_doddanekundi,ok,FRC1,27,41,983,647,1,False,12.94125482917495,77.69626600148536,13.000288982126634,77.68031892778362
2026-09-29T13:52:00Z,2026-09-29 19:22:00,orr_mahadevapura,ok,FRC1,34,46,449,332,1,False,13.000373429575006,77.67881152631685,12.969829756831466,77.70065275433024
2026-09-29T13:52:00Z,2026-09-29 19:22:00,hosur_bommanahalli,ok,FRC1,26,39,90,60,1,False,12.909218593796567,77.62749282122297,12.91427319093241,77.62440291643713
2026-09-29T13:52:00Z,2026-09-29 19:22:00,sarjapur_agara,ok,FRC1,24,38,153,96,1,False,12.917313432684539,77.64083412886617,12.923976051130884,77.64726874829438
2026-09-29T13:52:00Z,2026-09-29 19:22:00,old_airport_konena,ok,FRC2,24,33,2196,1597,1,False,12.956720480405576,77.74534372094678,12.972658179083226,77.61948508620713
2026-09-29T13:52:00Z,2026-09-29 19:22:00,varthur_kundalahalli,ok,FRC2,21,35,2505,1503,1,False,12.972670267685029,77.61953604817847,12.956926979936062,77.74537054303693
2026-09-29T14:07:00Z,2026-09-29 19:37:00,orr_hsr,ok,FRC1,32,42,80,60,1,False,12.917273237323744,77.64092666507719,12.916244577017903,77.63487560153817
2026-09-29T14:07:00Z,2026-09-29 19:37:00,orr_iblur,ok,FRC1,18,43,394,165,1,False,12.92075738312682,77.66533074380487,12.928526460252453,77.68170697094911
2026-09-29T14:07:00Z,2026-09-29 19:37:00,orr_bellandur,ok,FRC1,36,49,70,51,1,False,12.928526460252453,77.68170697094911,12.93191543996225,77.68717197181826
2026-09-29T14:07:00Z,2026-09-29 19:37:00,orr_marathahalli,ok,FRC1,28,39,499,358,1,False,12.969829756831466,77.70065275433024,12.937285233242429,77.69319621326713
2026-09-29T14:07:00Z,2026-09-29 19:37:00,orr_doddanekundi,ok,FRC1,29,41,915,647,1,False,12.94125482917495,77.69626600148536,13.000288982126634,77.68031892778362
2026-09-29T14:07:00Z,2026-09-29 19:37:00,orr_mahadevapura,ok,FRC1,37,46,413,332,1,False,13.000373429575006,77.67881152631685,12.969829756831466,77.70065275433024
2026-09-29T14:07:00Z,2026-09-29 19:37:00,hosur_bommanahalli,ok,FRC1,40,40,58,58,1,False,12.909218593796567,77.62749282122297,12.91427319093241,77.62440291643713
2026-09-29T14:07:00Z,2026-09-29 19:37:00,sarjapur_agara,ok,FRC1,31,38,118,96,1,False,12.917313432684539,77.64083412886617,12.923976051130884,77.64726874829438
2026-09-29T14:07:00Z,2026-09-29 19:37:00,old_airport_konena,ok,FRC2,23,32,2292,1647,1,False,12.956720480405576,77.74534372094678,12.972658179083226,77.61948508620713
2026-09-29T14:07:00Z,2026-09-29 19:37:00,varthur_kundalahalli,ok,FRC2,24,35,2192,1503,1,False,12.972670267685029,77.61953604817847,12.956926979936062,77.74537054303693
2026-09-29T14:22:00Z,2026-09-29 19:52:00,orr_hsr,ok,FRC1,32,42,80,60,1,False,12.917273237323744,77.64092666507719,12.916244577017903,77.63487560153817
2026-09-29T14:22:00Z,2026-09-29 19:52:00,orr_iblur,ok,FRC1,20,42,355,169,1,False,12.92075738312682,77.66533074380487,12.928526460252453,77.68170697094911
2026-09-29T14:22:00Z,2026-09-29 19:52:00,orr_bellandur,ok,FRC1,33,49,77,51,1,False,12.928526460252453,77.68170697094911,12.93191543996225,77.68717197181826
2026-09-29T14:22:00Z,2026-09-29 19:52:00,orr_marathahalli,ok,FRC1,27,40,517,349,1,False,12.969829756831466,77.70065275433024,12.937285233242429,77.69319621326713
2026-09-29T14:22:00Z,2026-09-29 19:52:00,orr_doddanekundi,ok,FRC1,27,41,983,647,1,False,12.94125482917495,77.69626600148536,13.000288982126634,77.68031892778362
2026-09-29T14:22:00Z,2026-09-29 19:52:00,orr_mahadevapura,ok,FRC1,38,45,402,339,1,False,13.000373429575006,77.67881152631685,12.969829756831466,77.70065275433024
2026-09-29T14:22:00Z,2026-09-29 19:52:00,hosur_bommanahalli,ok,FRC1,29,39,81,60,1,False,12.909218593796567,77.62749282122297,12.91427319093241,77.62440291643713
2026-09-29T14:22:00Z,2026-09-29 19:52:00,sarjapur_agara,ok,FRC1,39,39,94,94,1,False,12.917313432684539,77.64083412886617,12.923976051130884,77.64726874829438
2026-09-29T14:22:00Z,2026-09-29 19:52:00,old_airport_konena,ok,FRC2,23,33,2292,1597,1,False,12.956720480405576,77.74534372094678,12.972658179083226,77.61948508620713
2026-09-29T14:22:00Z,2026-09-29 19:52:00,varthur_kundalahalli,ok,FRC2,26,35,2023,1503,1,False,12.972670267685029,77.61953604817847,12.956926979936062,77.74537054303693
2026-09-29T14:37:00Z,2026-09-29 20:07:00,orr_hsr,ok,FRC1,24,42,106,60,1,False,12.917273237323744,77.64092666507719,12.916244577017903,77.63487560153817
2026-09-29T14:37:00Z,2026-09-29 20:07:00,orr_iblur,ok,FRC1,16,42,444,169,1,False,12.92075738312682,77.66533074380487,12.928526460252453,77.68170697094911
2026-09-29T14:37:00Z,2026-09-29 20:07:00,orr_bellandur,ok,FRC1,49,49,51,51,1,False,12.928526460252453,77.68170697094911,12.93191543996225,77.68717197181826
2026-09-29T14:37:00Z,2026-09-29 20:07:00,orr_marathahalli,ok,FRC1,33,39,423,358,1,False,12.969829756831466,77.70065275433024,12.937285233242429,77.69319621326713
2026-09-29T14:37:00Z,2026-09-29 20:07:00,orr_doddanekundi,ok,FRC1,29,42,915,632,1,False,12.94125482917495,77.69626600148536,13.000288982126634,77.68031892778362
2026-09-29T14:37:00Z,2026-09-29 20:07:00,orr_mahadevapura,ok,FRC1,37,46,413,332,1,False,13.000373429575006,77.67881152631685,12.969829756831466,77.70065275433024
2026-09-29T14:37:00Z,2026-09-29 20:07:00,hosur_bommanahalli,ok,FRC1,40,40,58,58,1,False,12.909218593796567,77.62749282122297,12.91427319093241,77.62440291643713
2026-09-29T14:37:00Z,2026-09-29 20:07:00,sarjapur_agara,ok,FRC1,23,39,160,94,1,False,12.917313432684539,77.64083412886617,12.923976051130884,77.64726874829438
2026-09-29T14:37:00Z,2026-09-29 20:07:00,old_airport_konena,ok,FRC2,24,33,2196,1597,1,False,12.956720480405576,77.74534372094678,12.972658179083226,77.61948508620713
2026-09-29T14:37:00Z,2026-09-29 20:07:00,varthur_kundalahalli,ok,FRC2,27,35,1949,1503,1,False,12.972670267685029,77.61953604817847,12.956926979936062,77.74537054303693
2026-09-29T14:52:00Z,2026-09-29 20:22:00,orr_hsr,ok,FRC1,43,43,59,59,1,False,12.917273237323744,77.64092666507719,12.916244577017903,77.63487560153817
2026-09-29T14:52:00Z,2026-09-29 20:22:00,orr_iblur,ok,FRC1,17,45,418,157,1,False,12.92075738312682,77.66533074380487,12.928526460252453,77.68170697094911
2026-09-29T14:52:00Z,2026-09-29 20:22:00,orr_bellandur,ok,FRC1,49,49,51,51,1,False,12.928526460252453,77.68170697094911,12.93191543996225,77.68717197181826
2026-09-29T14:52:00Z,2026-09-29 20:22:00,orr_marathahalli,ok,FRC1,27,40,517,349,1,False,12.969829756831466,77.70065275433024,12.937285233242429,77.69319621326713
2026-09-29T14:52:00Z,2026-09-29 20:22:00,orr_doddanekundi,ok,FRC1,30,42,885,632,1,False,12.94125482917495,77.69626600148536,13.000288982126634,77.68031892778362
2026-09-29T14:52:00Z,2026-09-29 20:22:00,orr_mahadevapura,ok,FRC1,34,45,449,339,1,False,13.000373429575006,77.67881152631685,12.969829756831466,77.70065275433024
2026-09-29T14:52:00Z,2026-09-29 20:22:00,hosur_bommanahalli,ok,FRC1,40,40,58,58,1,False,12.909218593796567,77.62749282122297,12.91427319093241,77.62440291643713
2026-09-29T14:52:00Z,2026-09-29 20:22:00,sarjapur_agara,ok,FRC1,28,39,131,94,1,False,12.917313432684539,77.64083412886617,12.923976051130884,77.64726874829438
2026-09-29T14:52:00Z,2026-09-29 20:22:00,old_airport_konena,ok,FRC2,23,33,2292,1597,1,False,12.956720480405576,77.74534372094678,12.972658179083226,77.61948508620713
2026-09-29T14:52:00Z,2026-09-29 20:22:00,varthur_kundalahalli,ok,FRC2,27,35,1949,1503,1,False,12.972670267685029,77.61953604817847,12.956926979936062,77.74537054303693
2026-09-29T15:07:00Z,2026-09-29 20:37:00,orr_hsr,ok,FRC1,31,43,82,59,1,False,12.917273237323744,77.64092666507719,12.916244577017903,77.63487560153817
2026-09-29T15:07:00Z,2026-09-29 20:37:00,orr_iblur,ok,FRC1,21,42,338,169,1,False,12.92075738312682,77.66533074380487,12.928526460252453,77.68170697094911
2026-09-29T15:07:00Z,2026-09-29 20:37:00,orr_bellandur,ok,FRC1,37,49,68,51,1,False,12.928526460252453,77.68170697094911,12.93191543996225,77.68717197181826
2026-09-29T15:07:00Z,2026-09-29 20:37:00,orr_marathahalli,ok,FRC1,26,39,537,358,1,False,12.969829756831466,77.70065275433024,12.937285233242429,77.69319621326713
2026-09-29T15:07:00Z,2026-09-29 20:37:00,orr_doddanekundi,ok,FRC1,30,41,885,647,1,False,12.94125482917495,77.69626600148536,13.000288982126634,77.68031892778362
2026-09-29T15:07:00Z,2026-09-29 20:37:00,orr_mahadevapura,ok,FRC1,46,46,332,332,1,False,13.000373429575006,77.67881152631685,12.969829756831466,77.70065275433024
2026-09-29T15:07:00Z,2026-09-29 20:37:00,hosur_bommanahalli,ok,FRC1,24,38,98,61,1,False,12.909218593796567,77.62749282122297,12.91427319093241,77.62440291643713
2026-09-29T15:07:00Z,2026-09-29 20:37:00,sarjapur_agara,ok,FRC1,30,39,122,94,1,False,12.917313432684539,77.64083412886617,12.923976051130884,77.64726874829438
2026-09-29T15:07:00Z,2026-09-29 20:37:00,old_airport_konena,ok,FRC2,22,33,2396,1597,1,False,12.956720480405576,77.74534372094678,12.972658179083226,77.61948508620713
2026-09-29T15:07:00Z,2026-09-29 20:37:00,varthur_kundalahalli,ok,FRC2,27,35,1949,1503,1,False,12.972670267685029,77.61953604817847,12.956926979936062,77.74537054303693
2026-09-29T15:22:00Z,2026-09-29 20:52:00,orr_hsr,ok,FRC1,30,42,85,60,1,False,12.917273237323744,77.64092666507719,12.916244577017903,77.63487560153817
2026-09-29T15:22:00Z,2026-09-29 20:52:00,orr_iblur,ok,FRC1,35,43,203,165,1,False,12.92075738312682,77.66533074380487,12.928526460252453,77.68170697094911
2026-09-29T15:22:00Z,2026-09-29 20:52:00,orr_bellandur,ok,FRC1,33,48,77,53,1,False,12.928526460252453,77.68170697094911,12.93191543996225,77.68717197181826
2026-09-29T15:22:00Z,2026-09-29 20:52:00,orr_marathahalli,ok,FRC1,29,40,481,349,1,False,12.969829756831466,77.70065275433024,12.937285233242429,77.69319621326713
2026-09-29T15:22:00Z,2026-09-29 20:52:00,orr_doddanekundi,ok,FRC1,29,42,915,632,1,False,12.94125482917495,77.69626600148536,13.000288982126634,77.68031892778362
2026-09-29T15:22:00Z,2026-09-29 20:52:00,orr_mahadevapura,ok,FRC1,46,46,332,332,1,False,13.000373429575006,77.67881152631685,12.969829756831466,77.70065275433024
2026-09-29T15:22:00Z,2026-09-29 20:52:00,hosur_bommanahalli,ok,FRC1,28,39,84,60,1,False,12.909218593796567,77.62749282122297,12.91427319093241,77.62440291643713
2026-09-29T15:22:00Z,2026-09-29 20:52:00,sarjapur_agara,ok,FRC1,31,38,118,96,1,False,12.917313432684539,77.64083412886617,12.923976051130884,77.64726874829438
2026-09-29T15:22:00Z,2026-09-29 20:52:00,old_airport_konena,ok,FRC2,26,33,2027,1597,1,False,12.956720480405576,77.74534372094678,12.972658179083226,77.61948508620713
2026-09-29T15:22:00Z,2026-09-29 20:52:00,varthur_kundalahalli,ok,FRC2,28,35,1879,1503,1,False,12.972670267685029,77.61953604817847,12.956926979936062,77.74537054303693
2026-09-29T15:37:00Z,2026-09-29 21:07:00,orr_hsr,ok,FRC1,29,42,88,60,1,False,12.917273237323744,77.64092666507719,12.916244577017903,77.63487560153817
2026-09-29T15:37:00Z,2026-09-29 21:07:00,orr_iblur,ok,FRC1,37,42,192,169,1,False,12.92075738312682,77.66533074380487,12.928526460252453,77.68170697094911
2026-09-29T15:37:00Z,2026-09-29 21:07:00,orr_bellandur,ok,FRC1,49,49,51,51,1,False,12.928526460252453,77.68170697094911,12.93191543996225,77.68717197181826
2026-09-29T15:37:00Z,2026-09-29 21:07:00,orr_marathahalli,ok,FRC1,31,40,450,349,1,False,12.969829756831466,77.70065275433024,12.937285233242429,77.69319621326713
2026-09-29T15:37:00Z,2026-09-29 21:07:00,orr_doddanekundi,ok,FRC1,31,41,856,647,1,False,12.94125482917495,77.69626600148536,13.000288982126634,77.68031892778362
2026-09-29T15:37:00Z,2026-09-29 21:07:00,orr_mahadevapura,ok,FRC1,46,46,332,332,1,False,13.000373429575006,77.67881152631685,12.969829756831466,77.70065275433024
2026-09-29T15:37:00Z,2026-09-29 21:07:00,hosur_bommanahalli,ok,FRC1,27,40,87,58,1,False,12.909218593796567,77.62749282122297,12.91427319093241,77.62440291643713
2026-09-29T15:37:00Z,2026-09-29 21:07:00,sarjapur_agara,ok,FRC1,39,39,94,94,1,False,12.917313432684539,77.64083412886617,12.923976051130884,77.64726874829438
2026-09-29T15:37:00Z,2026-09-29 21:07:00,old_airport_konena,ok,FRC2,26,33,2027,1597,1,False,12.956720480405576,77.74534372094678,12.972658179083226,77.61948508620713
2026-09-29T15:37:00Z,2026-09-29 21:07:00,varthur_kundalahalli,ok,FRC2,29,34,1814,1547,1,False,12.972670267685029,77.61953604817847,12.956926979936062,77.74537054303693
2026-09-29T16:37:00Z,2026-09-29 22:07:00,orr_hsr,ok,FRC1,43,43,59,59,1,False,12.917273237323744,77.64092666507719,12.916244577017903,77.63487560153817
2026-09-29T16:37:00Z,2026-09-29 22:07:00,orr_iblur,ok,FRC1,42,42,169,169,1,False,12.92075738312682,77.66533074380487,12.928526460252453,77.68170697094911
2026-09-29T16:37:00Z,2026-09-29 22:07:00,orr_bellandur,ok,FRC1,49,49,51,51,1,False,12.928526460252453,77.68170697094911,12.93191543996225,77.68717197181826
2026-09-29T16:37:00Z,2026-09-29 22:07:00,orr_marathahalli,ok,FRC1,33,40,423,349,1,False,12.969829756831466,77.70065275433024,12.937285233242429,77.69319621326713
2026-09-29T16:37:00Z,2026-09-29 22:07:00,orr_doddanekundi,ok,FRC1,34,41,781,647,1,False,12.94125482917495,77.69626600148536,13.000288982126634,77.68031892778362
2026-09-29T16:37:00Z,2026-09-29 22:07:00,orr_mahadevapura,ok,FRC1,46,46,332,332,1,False,13.000373429575006,77.67881152631685,12.969829756831466,77.70065275433024
2026-09-29T16:37:00Z,2026-09-29 22:07:00,hosur_bommanahalli,ok,FRC1,40,40,58,58,1,False,12.909218593796567,77.62749282122297,12.91427319093241,77.62440291643713
2026-09-29T16:37:00Z,2026-09-29 22:07:00,sarjapur_agara,ok,FRC1,39,39,94,94,1,False,12.917313432684539,77.64083412886617,12.923976051130884,77.64726874829438
2026-09-29T16:37:00Z,2026-09-29 22:07:00,old_airport_konena,ok,FRC2,33,33,1597,1597,1,False,12.956720480405576,77.74534372094678,12.972658179083226,77.61948508620713
2026-09-29T16:37:00Z,2026-09-29 22:07:00,varthur_kundalahalli,ok,FRC2,30,35,1754,1503,1,False,12.972670267685029,77.61953604817847,12.956926979936062,77.74537054303693
2026-09-29T17:37:00Z,2026-09-29 23:07:00,orr_hsr,ok,FRC1,43,43,59,59,1,False,12.917273237323744,77.64092666507719,12.916244577017903,77.63487560153817
2026-09-29T17:37:00Z,2026-09-29 23:07:00,orr_iblur,ok,FRC1,42,42,169,169,1,False,12.92075738312682,77.66533074380487,12.928526460252453,77.68170697094911
2026-09-29T17:37:00Z,2026-09-29 23:07:00,orr_bellandur,ok,FRC1,49,49,51,51,1,False,12.928526460252453,77.68170697094911,12.93191543996225,77.68717197181826
2026-09-29T17:37:00Z,2026-09-29 23:07:00,orr_marathahalli,ok,FRC1,40,40,349,349,1,False,12.969829756831466,77.70065275433024,12.937285233242429,77.69319621326713
2026-09-29T17:37:00Z,2026-09-29 23:07:00,orr_doddanekundi,ok,FRC1,38,42,698,632,1,False,12.94125482917495,77.69626600148536,13.000288982126634,77.68031892778362
2026-09-29T17:37:00Z,2026-09-29 23:07:00,orr_mahadevapura,ok,FRC1,46,46,332,332,1,False,13.000373429575006,77.67881152631685,12.969829756831466,77.70065275433024
2026-09-29T17:37:00Z,2026-09-29 23:07:00,hosur_bommanahalli,ok,FRC1,40,40,58,58,1,False,12.909218593796567,77.62749282122297,12.91427319093241,77.62440291643713
2026-09-29T17:37:00Z,2026-09-29 23:07:00,sarjapur_agara,ok,FRC1,23,39,160,94,1,False,12.917313432684539,77.64083412886617,12.923976051130884,77.64726874829438
2026-09-29T17:37:00Z,2026-09-29 23:07:00,old_airport_konena,ok,FRC2,33,33,1597,1597,1,False,12.956720480405576,77.74534372094678,12.972658179083226,77.61948508620713
2026-09-29T17:37:00Z,2026-09-29 23:07:00,varthur_kundalahalli,ok,FRC2,35,35,1503,1503,1,False,12.972670267685029,77.61953604817847,12.956926979936062,77.74537054303693
2026-09-29T18:37:00Z,2026-09-30 00:07:00,orr_hsr,ok,FRC1,43,43,59,59,1,False,12.917273237323744,77.64092666507719,12.916244577017903,77.63487560153817
2026-09-29T18:37:00Z,2026-09-30 00:07:00,orr_iblur,ok,FRC1,29,43,245,165,0.964441,False,12.92075738312682,77.66533074380487,12.928526460252453,77.68170697094911
2026-09-29T18:37:00Z,2026-09-30 00:07:00,orr_bellandur,ok,FRC1,49,49,51,51,1,False,12.928526460252453,77.68170697094911,12.93191543996225,77.68717197181826
2026-09-29T18:37:00Z,2026-09-30 00:07:00,orr_marathahalli,ok,FRC1,40,40,349,349,1,False,12.969829756831466,77.70065275433024,12.937285233242429,77.69319621326713
2026-09-29T18:37:00Z,2026-09-30 00:07:00,orr_doddanekundi,ok,FRC1,35,41,758,647,1,False,12.94125482917495,77.69626600148536,13.000288982126634,77.68031892778362
2026-09-29T18:37:00Z,2026-09-30 00:07:00,orr_mahadevapura,ok,FRC1,46,46,332,332,1,False,13.000373429575006,77.67881152631685,12.969829756831466,77.70065275433024
2026-09-29T18:37:00Z,2026-09-30 00:07:00,hosur_bommanahalli,ok,FRC1,40,40,58,58,1,False,12.909218593796567,77.62749282122297,12.91427319093241,77.62440291643713
2026-09-29T18:37:00Z,2026-09-30 00:07:00,sarjapur_agara,ok,FRC1,39,39,94,94,1,False,12.917313432684539,77.64083412886617,12.923976051130884,77.64726874829438
2026-09-29T18:37:00Z,2026-09-30 00:07:00,old_airport_konena,ok,FRC2,33,33,1597,1597,1,False,12.956720480405576,77.74534372094678,12.972658179083226,77.61948508620713
2026-09-29T18:37:00Z,2026-09-30 00:07:00,varthur_kundalahalli,ok,FRC2,35,35,1503,1503,1,False,12.972670267685029,77.61953604817847,12.956926979936062,77.74537054303693
2026-09-29T19:37:00Z,2026-09-30 01:07:00,orr_hsr,ok,FRC1,43,43,59,59,1,False,12.917273237323744,77.64092666507719,12.916244577017903,77.63487560153817
2026-09-29T19:37:00Z,2026-09-30 01:07:00,orr_iblur,ok,FRC1,42,42,169,169,1,False,12.92075738312682,77.66533074380487,12.928526460252453,77.68170697094911
2026-09-29T19:37:00Z,2026-09-30 01:07:00,orr_bellandur,ok,FRC1,49,49,51,51,1,False,12.928526460252453,77.68170697094911,12.93191543996225,77.68717197181826
2026-09-29T19:37:00Z,2026-09-30 01:07:00,orr_marathahalli,ok,FRC1,40,40,349,349,1,False,12.969829756831466,77.70065275433024,12.937285233242429,77.69319621326713
2026-09-29T19:37:00Z,2026-09-30 01:07:00,orr_doddanekundi,ok,FRC1,41,41,647,647,1,False,12.94125482917495,77.69626600148536,13.000288982126634,77.68031892778362
2026-09-29T19:37:00Z,2026-09-30 01:07:00,orr_mahadevapura,ok,FRC1,46,46,332,332,1,False,13.000373429575006,77.67881152631685,12.969829756831466,77.70065275433024
2026-09-29T19:37:00Z,2026-09-30 01:07:00,hosur_bommanahalli,ok,FRC1,40,40,58,58,1,False,12.909218593796567,77.62749282122297,12.91427319093241,77.62440291643713
2026-09-29T19:37:00Z,2026-09-30 01:07:00,sarjapur_agara,ok,FRC1,39,39,94,94,1,False,12.917313432684539,77.64083412886617,12.923976051130884,77.64726874829438
2026-09-29T19:37:00Z,2026-09-30 01:07:00,old_airport_konena,ok,FRC2,33,33,1597,1597,1,False,12.956720480405576,77.74534372094678,12.972658179083226,77.61948508620713
2026-09-29T19:37:00Z,2026-09-30 01:07:00,varthur_kundalahalli,ok,FRC2,35,35,1503,1503,1,False,12.972670267685029,77.61953604817847,12.956926979936062,77.74537054303693
2026-09-29T20:37:00Z,2026-09-30 02:07:00,orr_hsr,ok,FRC1,43,43,59,59,1,False,12.917273237323744,77.64092666507719,12.916244577017903,77.63487560153817
2026-09-29T20:37:00Z,2026-09-30 02:07:00,orr_iblur,ok,FRC1,42,42,169,169,1,False,12.92075738312682,77.66533074380487,12.928526460252453,77.68170697094911
2026-09-29T20:37:00Z,2026-09-30 02:07:00,orr_bellandur,ok,FRC1,49,49,51,51,1,False,12.928526460252453,77.68170697094911,12.93191543996225,77.68717197181826
2026-09-29T20:37:00Z,2026-09-30 02:07:00,orr_marathahalli,ok,FRC1,40,40,349,349,1,False,12.969829756831466,77.70065275433024,12.937285233242429,77.69319621326713
2026-09-29T20:37:00Z,2026-09-30 02:07:00,orr_doddanekundi,ok,FRC1,41,41,647,647,1,False,12.94125482917495,77.69626600148536,13.000288982126634,77.68031892778362
2026-09-29T20:37:00Z,2026-09-30 02:07:00,orr_mahadevapura,ok,FRC1,46,46,332,332,1,False,13.000373429575006,77.67881152631685,12.969829756831466,77.70065275433024
2026-09-29T20:37:00Z,2026-09-30 02:07:00,hosur_bommanahalli,ok,FRC1,40,40,58,58,1,False,12.909218593796567,77.62749282122297,12.91427319093241,77.62440291643713
2026-09-29T20:37:00Z,2026-09-30 02:07:00,sarjapur_agara,ok,FRC1,39,39,94,94,1,False,12.917313432684539,77.64083412886617,12.923976051130884,77.64726874829438
2026-09-29T20:37:00Z,2026-09-30 02:07:00,old_airport_konena,ok,FRC2,33,33,1597,1597,1,False,12.956720480405576,77.74534372094678,12.972658179083226,77.61948508620713
2026-09-29T20:37:00Z,2026-09-30 02:07:00,varthur_kundalahalli,ok,FRC2,35,35,1503,1503,1,False,12.972670267685029,77.61953604817847,12.956926979936062,77.74537054303693
2026-09-29T21:37:01Z,2026-09-30 03:07:01,orr_hsr,ok,FRC1,43,43,59,59,1,False,12.917273237323744,77.64092666507719,12.916244577017903,77.63487560153817
2026-09-29T21:37:01Z,2026-09-30 03:07:01,orr_iblur,ok,FRC1,42,42,169,169,1,False,12.92075738312682,77.66533074380487,12.928526460252453,77.68170697094911
2026-09-29T21:37:01Z,2026-09-30 03:07:01,orr_bellandur,ok,FRC1,49,49,51,51,1,False,12.928526460252453,77.68170697094911,12.93191543996225,77.68717197181826
2026-09-29T21:37:01Z,2026-09-30 03:07:01,orr_marathahalli,ok,FRC1,40,40,349,349,1,False,12.969829756831466,77.70065275433024,12.937285233242429,77.69319621326713
2026-09-29T21:37:01Z,2026-09-30 03:07:01,orr_doddanekundi,ok,FRC1,41,41,647,647,1,False,12.94125482917495,77.69626600148536,13.000288982126634,77.68031892778362
2026-09-29T21:37:01Z,2026-09-30 03:07:01,orr_mahadevapura,ok,FRC1,46,46,332,332,1,False,13.000373429575006,77.67881152631685,12.969829756831466,77.70065275433024
2026-09-29T21:37:01Z,2026-09-30 03:07:01,hosur_bommanahalli,ok,FRC1,40,40,58,58,1,False,12.909218593796567,77.62749282122297,12.91427319093241,77.62440291643713
2026-09-29T21:37:01Z,2026-09-30 03:07:01,sarjapur_agara,ok,FRC1,39,39,94,94,1,False,12.917313432684539,77.64083412886617,12.923976051130884,77.64726874829438
2026-09-29T21:37:01Z,2026-09-30 03:07:01,old_airport_konena,ok,FRC2,33,33,1597,1597,1,False,12.956720480405576,77.74534372094678,12.972658179083226,77.61948508620713
2026-09-29T21:37:01Z,2026-09-30 03:07:01,varthur_kundalahalli,ok,FRC2,35,35,1503,1503,1,False,12.972670267685029,77.61953604817847,12.956926979936062,77.74537054303693
2026-09-29T22:37:00Z,2026-09-30 04:07:00,orr_hsr,ok,FRC1,43,43,59,59,1,False,12.917273237323744,77.64092666507719,12.916244577017903,77.63487560153817
2026-09-29T22:37:00Z,2026-09-30 04:07:00,orr_iblur,ok,FRC1,42,42,169,169,1,False,12.92075738312682,77.66533074380487,12.928526460252453,77.68170697094911
2026-09-29T22:37:00Z,2026-09-30 04:07:00,orr_bellandur,ok,FRC1,49,49,51,51,1,False,12.928526460252453,77.68170697094911,12.93191543996225,77.68717197181826
2026-09-29T22:37:00Z,2026-09-30 04:07:00,orr_marathahalli,ok,FRC1,40,40,349,349,1,False,12.969829756831466,77.70065275433024,12.937285233242429,77.69319621326713
2026-09-29T22:37:00Z,2026-09-30 04:07:00,orr_doddanekundi,ok,FRC1,41,41,647,647,1,False,12.94125482917495,77.69626600148536,13.000288982126634,77.68031892778362
2026-09-29T22:37:00Z,2026-09-30 04:07:00,orr_mahadevapura,ok,FRC1,46,46,332,332,1,False,13.000373429575006,77.67881152631685,12.969829756831466,77.70065275433024
2026-09-29T22:37:00Z,2026-09-30 04:07:00,hosur_bommanahalli,ok,FRC1,40,40,58,58,1,False,12.909218593796567,77.62749282122297,12.91427319093241,77.62440291643713
2026-09-29T22:37:00Z,2026-09-30 04:07:00,sarjapur_agara,ok,FRC1,39,39,94,94,1,False,12.917313432684539,77.64083412886617,12.923976051130884,77.64726874829438
2026-09-29T22:37:00Z,2026-09-30 04:07:00,old_airport_konena,ok,FRC2,33,33,1597,1597,1,False,12.956720480405576,77.74534372094678,12.972658179083226,77.61948508620713
2026-09-29T22:37:00Z,2026-09-30 04:07:00,varthur_kundalahalli,ok,FRC2,35,35,1503,1503,1,False,12.972670267685029,77.61953604817847,12.956926979936062,77.74537054303693
2026-09-29T23:37:00Z,2026-09-30 05:07:00,orr_hsr,ok,FRC1,43,43,59,59,1,False,12.917273237323744,77.64092666507719,12.916244577017903,77.63487560153817
2026-09-29T23:37:00Z,2026-09-30 05:07:00,orr_iblur,ok,FRC1,42,42,169,169,1,False,12.92075738312682,77.66533074380487,12.928526460252453,77.68170697094911
2026-09-29T23:37:00Z,2026-09-30 05:07:00,orr_bellandur,ok,FRC1,49,49,51,51,1,False,12.928526460252453,77.68170697094911,12.93191543996225,77.68717197181826
2026-09-29T23:37:00Z,2026-09-30 05:07:00,orr_marathahalli,ok,FRC1,40,40,349,349,1,False,12.969829756831466,77.70065275433024,12.937285233242429,77.69319621326713
2026-09-29T23:37:00Z,2026-09-30 05:07:00,orr_doddanekundi,ok,FRC1,36,42,737,632,0.988193,False,12.94125482917495,77.69626600148536,13.000288982126634,77.68031892778362
2026-09-29T23:37:00Z,2026-09-30 05:07:00,orr_mahadevapura,ok,FRC1,46,46,332,332,1,False,13.000373429575006,77.67881152631685,12.969829756831466,77.70065275433024
2026-09-29T23:37:00Z,2026-09-30 05:07:00,hosur_bommanahalli,ok,FRC1,40,40,58,58,1,False,12.909218593796567,77.62749282122297,12.91427319093241,77.62440291643713
2026-09-29T23:37:00Z,2026-09-30 05:07:00,sarjapur_agara,ok,FRC1,39,39,94,94,1,False,12.917313432684539,77.64083412886617,12.923976051130884,77.64726874829438
2026-09-29T23:37:00Z,2026-09-30 05:07:00,old_airport_konena,ok,FRC2,33,33,1597,1597,1,False,12.956720480405576,77.74534372094678,12.972658179083226,77.61948508620713
2026-09-29T23:37:00Z,2026-09-30 05:07:00,varthur_kundalahalli,ok,FRC2,35,35,1503,1503,1,False,12.972670267685029,77.61953604817847,12.956926979936062,77.74537054303693
2026-09-30T00:37:00Z,2026-09-30 06:07:00,orr_hsr,ok,FRC1,43,43,59,59,1,False,12.917273237323744,77.64092666507719,12.916244577017903,77.63487560153817
2026-09-30T00:37:00Z,2026-09-30 06:07:00,orr_iblur,ok,FRC1,42,42,169,169,1,False,12.92075738312682,77.66533074380487,12.928526460252453,77.68170697094911
2026-09-30T00:37:00Z,2026-09-30 06:07:00,orr_bellandur,ok,FRC1,49,49,51,51,1,False,12.928526460252453,77.68170697094911,12.93191543996225,77.68717197181826
2026-09-30T00:37:00Z,2026-09-30 06:07:00,orr_marathahalli,ok,FRC1,40,40,349,349,1,False,12.969829756831466,77.70065275433024,12.937285233242429,77.69319621326713
2026-09-30T00:37:00Z,2026-09-30 06:07:00,orr_doddanekundi,ok,FRC1,41,41,647,647,1,False,12.94125482917495,77.69626600148536,13.000288982126634,77.68031892778362
2026-09-30T00:37:00Z,2026-09-30 06:07:00,orr_mahadevapura,ok,FRC1,46,46,332,332,1,False,13.000373429575006,77.67881152631685,12.969829756831466,77.70065275433024
2026-09-30T00:37:00Z,2026-09-30 06:07:00,hosur_bommanahalli,ok,FRC1,40,40,58,58,1,False,12.909218593796567,77.62749282122297,12.91427319093241,77.62440291643713
2026-09-30T00:37:00Z,2026-09-30 06:07:00,sarjapur_agara,ok,FRC1,39,39,94,94,1,False,12.917313432684539,77.64083412886617,12.923976051130884,77.64726874829438
2026-09-30T00:37:00Z,2026-09-30 06:07:00,old_airport_konena,ok,FRC2,33,33,1597,1597,1,False,12.956720480405576,77.74534372094678,12.972658179083226,77.61948508620713
2026-09-30T00:37:00Z,2026-09-30 06:07:00,varthur_kundalahalli,ok,FRC2,35,35,1503,1503,1,False,12.972670267685029,77.61953604817847,12.956926979936062,77.74537054303693
2026-09-30T01:37:00Z,2026-09-30 07:07:00,orr_hsr,ok,FRC1,43,43,59,59,1,False,12.917273237323744,77.64092666507719,12.916244577017903,77.63487560153817
2026-09-30T01:37:00Z,2026-09-30 07:07:00,orr_iblur,ok,FRC1,42,42,169,169,1,False,12.92075738312682,77.66533074380487,12.928526460252453,77.68170697094911
2026-09-30T01:37:00Z,2026-09-30 07:07:00,orr_bellandur,ok,FRC1,49,49,51,51,1,False,12.928526460252453,77.68170697094911,12.93191543996225,77.68717197181826
2026-09-30T01:37:00Z,2026-09-30 07:07:00,orr_marathahalli,ok,FRC1,40,40,349,349,1,False,12.969829756831466,77.70065275433024,12.937285233242429,77.69319621326713
2026-09-30T01:37:00Z,2026-09-30 07:07:00,orr_doddanekundi,ok,FRC1,41,41,647,647,1,False,12.94125482917495,77.69626600148536,13.000288982126634,77.68031892778362
2026-09-30T01:37:00Z,2026-09-30 07:07:00,orr_mahadevapura,ok,FRC1,46,46,332,332,1,False,13.000373429575006,77.67881152631685,12.969829756831466,77.70065275433024
2026-09-30T01:37:00Z,2026-09-30 07:07:00,hosur_bommanahalli,ok,FRC1,40,40,58,58,1,False,12.909218593796567,77.62749282122297,12.91427319093241,77.62440291643713
2026-09-30T01:37:00Z,2026-09-30 07:07:00,sarjapur_agara,ok,FRC1,39,39,94,94,1,False,12.917313432684539,77.64083412886617,12.923976051130884,77.64726874829438
2026-09-30T01:37:00Z,2026-09-30 07:07:00,old_airport_konena,ok,FRC2,33,33,1597,1597,1,False,12.956720480405576,77.74534372094678,12.972658179083226,77.61948508620713
2026-09-30T01:37:00Z,2026-09-30 07:07:00,varthur_kundalahalli,ok,FRC2,35,35,1503,1503,1,False,12.972670267685029,77.61953604817847,12.956926979936062,77.74537054303693
2026-09-30T01:52:00Z,2026-09-30 07:22:00,orr_hsr,ok,FRC1,43,43,59,59,1,False,12.917273237323744,77.64092666507719,12.916244577017903,77.63487560153817
2026-09-30T01:52:00Z,2026-09-30 07:22:00,orr_iblur,ok,FRC1,42,42,169,169,1,False,12.92075738312682,77.66533074380487,12.928526460252453,77.68170697094911
2026-09-30T01:52:00Z,2026-09-30 07:22:00,orr_bellandur,ok,FRC1,49,49,51,51,1,False,12.928526460252453,77.68170697094911,12.93191543996225,77.68717197181826
2026-09-30T01:52:00Z,2026-09-30 07:22:00,orr_marathahalli,ok,FRC1,40,40,349,349,1,False,12.969829756831466,77.70065275433024,12.937285233242429,77.69319621326713
2026-09-30T01:52:00Z,2026-09-30 07:22:00,orr_doddanekundi,ok,FRC1,41,41,647,647,1,False,12.94125482917495,77.69626600148536,13.000288982126634,77.68031892778362
2026-09-30T01:52:00Z,2026-09-30 07:22:00,orr_mahadevapura,ok,FRC1,46,46,332,332,1,False,13.000373429575006,77.67881152631685,12.969829756831466,77.70065275433024
2026-09-30T01:52:00Z,2026-09-30 07:22:00,hosur_bommanahalli,ok,FRC1,40,40,58,58,1,False,12.909218593796567,77.62749282122297,12.91427319093241,77.62440291643713
2026-09-30T01:52:00Z,2026-09-30 07:22:00,sarjapur_agara,ok,FRC1,39,39,94,94,1,False,12.917313432684539,77.64083412886617,12.923976051130884,77.64726874829438
2026-09-30T01:52:00Z,2026-09-30 07:22:00,old_airport_konena,ok,FRC2,33,33,1597,1597,1,False,12.956720480405576,77.74534372094678,12.972658179083226,77.61948508620713
2026-09-30T01:52:00Z,2026-09-30 07:22:00,varthur_kundalahalli,ok,FRC2,31,35,1697,1503,1,False,12.972670267685029,77.61953604817847,12.956926979936062,77.74537054303693
2026-09-30T02:07:00Z,2026-09-30 07:37:00,orr_hsr,ok,FRC1,43,43,59,59,1,False,12.917273237323744,77.64092666507719,12.916244577017903,77.63487560153817
2026-09-30T02:07:00Z,2026-09-30 07:37:00,orr_iblur,ok,FRC1,25,43,284,165,1,False,12.92075738312682,77.66533074380487,12.928526460252453,77.68170697094911
2026-09-30T02:07:00Z,2026-09-30 07:37:00,orr_bellandur,ok,FRC1,49,49,51,51,1,False,12.928526460252453,77.68170697094911,12.93191543996225,77.68717197181826
2026-09-30T02:07:00Z,2026-09-30 07:37:00,orr_marathahalli,ok,FRC1,30,39,465,358,1,False,12.969829756831466,77.70065275433024,12.937285233242429,77.69319621326713
2026-09-30T02:07:00Z,2026-09-30 07:37:00,orr_doddanekundi,ok,FRC1,41,41,647,647,1,False,12.94125482917495,77.69626600148536,13.000288982126634,77.68031892778362
2026-09-30T02:07:00Z,2026-09-30 07:37:00,orr_mahadevapura,ok,FRC1,37,46,413,332,1,False,13.000373429575006,77.67881152631685,12.969829756831466,77.70065275433024
2026-09-30T02:07:00Z,2026-09-30 07:37:00,hosur_bommanahalli,ok,FRC1,40,40,58,58,1,False,12.909218593796567,77.62749282122297,12.91427319093241,77.62440291643713
2026-09-30T02:07:00Z,2026-09-30 07:37:00,sarjapur_agara,ok,FRC1,39,39,94,94,1,False,12.917313432684539,77.64083412886617,12.923976051130884,77.64726874829438
2026-09-30T02:07:00Z,2026-09-30 07:37:00,old_airport_konena,ok,FRC2,29,33,1818,1597,1,False,12.956720480405576,77.74534372094678,12.972658179083226,77.61948508620713
2026-09-30T02:07:00Z,2026-09-30 07:37:00,varthur_kundalahalli,ok,FRC2,31,35,1697,1503,1,False,12.972670267685029,77.61953604817847,12.956926979936062,77.74537054303693
2026-09-30T02:22:00Z,2026-09-30 07:52:00,orr_hsr,ok,FRC1,43,43,59,59,1,False,12.917273237323744,77.64092666507719,12.916244577017903,77.63487560153817
2026-09-30T02:22:00Z,2026-09-30 07:52:00,orr_iblur,ok,FRC1,22,43,323,165,1,False,12.92075738312682,77.66533074380487,12.928526460252453,77.68170697094911
2026-09-30T02:22:00Z,2026-09-30 07:52:00,orr_bellandur,ok,FRC1,33,49,77,51,1,False,12.928526460252453,77.68170697094911,12.93191543996225,77.68717197181826
2026-09-30T02:22:00Z,2026-09-30 07:52:00,orr_marathahalli,ok,FRC1,29,39,481,358,1,False,12.969829756831466,77.70065275433024,12.937285233242429,77.69319621326713
2026-09-30T02:22:00Z,2026-09-30 07:52:00,orr_doddanekundi,ok,FRC1,41,41,647,647,1,False,12.94125482917495,77.69626600148536,13.000288982126634,77.68031892778362
2026-09-30T02:22:00Z,2026-09-30 07:52:00,orr_mahadevapura,ok,FRC1,37,46,413,332,1,False,13.000373429575006,77.67881152631685,12.969829756831466,77.70065275433024
2026-09-30T02:22:00Z,2026-09-30 07:52:00,hosur_bommanahalli,ok,FRC1,32,40,73,58,1,False,12.909218593796567,77.62749282122297,12.91427319093241,77.62440291643713
2026-09-30T02:22:00Z,2026-09-30 07:52:00,sarjapur_agara,ok,FRC1,22,39,167,94,1,False,12.917313432684539,77.64083412886617,12.923976051130884,77.64726874829438
2026-09-30T02:22:00Z,2026-09-30 07:52:00,old_airport_konena,ok,FRC2,26,33,2027,1597,1,False,12.956720480405576,77.74534372094678,12.972658179083226,77.61948508620713
2026-09-30T02:22:00Z,2026-09-30 07:52:00,varthur_kundalahalli,ok,FRC2,28,35,1879,1503,1,False,12.972670267685029,77.61953604817847,12.956926979936062,77.74537054303693
2026-09-30T02:37:00Z,2026-09-30 08:07:00,orr_hsr,ok,FRC1,43,43,59,59,1,False,12.917273237323744,77.64092666507719,12.916244577017903,77.63487560153817
2026-09-30T02:37:00Z,2026-09-30 08:07:00,orr_iblur,ok,FRC1,20,44,355,161,1,False,12.92075738312682,77.66533074380487,12.928526460252453,77.68170697094911
2026-09-30T02:37:00Z,2026-09-30 08:07:00,orr_bellandur,ok,FRC1,32,49,79,51,1,False,12.928526460252453,77.68170697094911,12.93191543996225,77.68717197181826
2026-09-30T02:37:00Z,2026-09-30 08:07:00,orr_marathahalli,ok,FRC1,27,39,517,358,1,False,12.969829756831466,77.70065275433024,12.937285233242429,77.69319621326713
2026-09-30T02:37:00Z,2026-09-30 08:07:00,orr_doddanekundi,ok,FRC1,41,41,647,647,1,False,12.94125482917495,77.69626600148536,13.000288982126634,77.68031892778362
2026-09-30T02:37:00Z,2026-09-30 08:07:00,orr_mahadevapura,ok,FRC1,32,46,477,332,1,False,13.000373429575006,77.67881152631685,12.969829756831466,77.70065275433024
2026-09-30T02:37:00Z,2026-09-30 08:07:00,hosur_bommanahalli,ok,FRC1,23,38,102,61,1,False,12.909218593796567,77.62749282122297,12.91427319093241,77.62440291643713
2026-09-30T02:37:00Z,2026-09-30 08:07:00,sarjapur_agara,ok,FRC1,8,41,460,89,1,False,12.917313432684539,77.64083412886617,12.923976051130884,77.64726874829438
2026-09-30T02:37:00Z,2026-09-30 08:07:00,old_airport_konena,ok,FRC2,27,33,1952,1597,1,False,12.956720480405576,77.74534372094678,12.972658179083226,77.61948508620713
2026-09-30T02:37:00Z,2026-09-30 08:07:00,varthur_kundalahalli,ok,FRC2,30,35,1754,1503,1,False,12.972670267685029,77.61953604817847,12.956926979936062,77.74537054303693
2026-09-30T02:52:00Z,2026-09-30 08:22:00,orr_hsr,ok,FRC1,43,43,59,59,1,False,12.917273237323744,77.64092666507719,12.916244577017903,77.63487560153817
2026-09-30T02:52:00Z,2026-09-30 08:22:00,orr_iblur,ok,FRC1,16,42,444,169,1,False,12.92075738312682,77.66533074380487,12.928526460252453,77.68170697094911
2026-09-30T02:52:00Z,2026-09-30 08:22:00,orr_bellandur,ok,FRC1,27,49,94,51,1,False,12.928526460252453,77.68170697094911,12.93191543996225,77.68717197181826
2026-09-30T02:52:00Z,2026-09-30 08:22:00,orr_marathahalli,ok,FRC1,24,40,582,349,1,False,12.969829756831466,77.70065275433024,12.937285233242429,77.69319621326713
2026-09-30T02:52:00Z,2026-09-30 08:22:00,orr_doddanekundi,ok,FRC1,34,41,781,647,1,False,12.94125482917495,77.69626600148536,13.000288982126634,77.68031892778362
2026-09-30T02:52:00Z,2026-09-30 08:22:00,orr_mahadevapura,ok,FRC1,28,46,546,332,1,False,13.000373429575006,77.67881152631685,12.969829756831466,77.70065275433024
2026-09-30T02:52:00Z,2026-09-30 08:22:00,hosur_bommanahalli,ok,FRC1,26,40,90,58,1,False,12.909218593796567,77.62749282122297,12.91427319093241,77.62440291643713
2026-09-30T02:52:00Z,2026-09-30 08:22:00,sarjapur_agara,ok,FRC1,7,40,526,92,1,False,12.917313432684539,77.64083412886617,12.923976051130884,77.64726874829438
2026-09-30T02:52:00Z,2026-09-30 08:22:00,old_airport_konena,ok,FRC2,25,33,2109,1597,1,False,12.956720480405576,77.74534372094678,12.972658179083226,77.61948508620713
2026-09-30T02:52:00Z,2026-09-30 08:22:00,varthur_kundalahalli,ok,FRC2,27,35,1949,1503,1,False,12.972670267685029,77.61953604817847,12.956926979936062,77.74537054303693
2026-09-30T03:07:00Z,2026-09-30 08:37:00,orr_hsr,ok,FRC1,43,43,59,59,1,False,12.917273237323744,77.64092666507719,12.916244577017903,77.63487560153817
2026-09-30T03:07:00Z,2026-09-30 08:37:00,orr_iblur,ok,FRC1,14,41,507,173,1,False,12.92075738312682,77.66533074380487,12.928526460252453,77.68170697094911
2026-09-30T03:07:00Z,2026-09-30 08:37:00,orr_bellandur,ok,FRC1,25,48,101,53,1,False,12.928526460252453,77.68170697094911,12.93191543996225,77.68717197181826
2026-09-30T03:07:00Z,2026-09-30 08:37:00,orr_marathahalli,ok,FRC1,20,40,698,349,1,False,12.969829756831466,77.70065275433024,12.937285233242429,77.69319621326713
2026-09-30T03:07:00Z,2026-09-30 08:37:00,orr_doddanekundi,ok,FRC1,32,41,830,647,1,False,12.94125482917495,77.69626600148536,13.000288982126634,77.68031892778362
2026-09-30T03:07:00Z,2026-09-30 08:37:00,orr_mahadevapura,ok,FRC1,22,46,695,332,1,False,13.000373429575006,77.67881152631685,12.969829756831466,77.70065275433024
2026-09-30T03:07:00Z,2026-09-30 08:37:00,hosur_bommanahalli,ok,FRC1,25,40,94,58,1,False,12.909218593796567,77.62749282122297,12.91427319093241,77.62440291643713
2026-09-30T03:07:00Z,2026-09-30 08:37:00,sarjapur_agara,ok,FRC1,6,38,614,96,1,False,12.917313432684539,77.64083412886617,12.923976051130884,77.64726874829438
2026-09-30T03:07:00Z,2026-09-30 08:37:00,old_airport_konena,ok,FRC2,24,33,2196,1597,1,False,12.956720480405576,77.74534372094678,12.972658179083226,77.61948508620713
2026-09-30T03:07:00Z,2026-09-30 08:37:00,varthur_kundalahalli,ok,FRC2,26,35,2023,1503,1,False,12.972670267685029,77.61953604817847,12.956926979936062,77.74537054303693
2026-09-30T03:22:00Z,2026-09-30 08:52:00,orr_hsr,ok,FRC1,43,43,59,59,1,False,12.917273237323744,77.64092666507719,12.916244577017903,77.63487560153817
2026-09-30T03:22:00Z,2026-09-30 08:52:00,orr_iblur,ok,FRC1,14,42,507,169,1,False,12.92075738312682,77.66533074380487,12.928526460252453,77.68170697094911
2026-09-30T03:22:00Z,2026-09-30 08:52:00,orr_bellandur,ok,FRC1,27,48,94,53,1,False,12.928526460252453,77.68170697094911,12.93191543996225,77.68717197181826
2026-09-30T03:22:00Z,2026-09-30 08:52:00,orr_marathahalli,ok,FRC1,22,40,635,349,1,False,12.969829756831466,77.70065275433024,12.937285233242429,77.69319621326713
2026-09-30T03:22:00Z,2026-09-30 08:52:00,orr_doddanekundi,ok,FRC1,32,42,830,632,1,False,12.94125482917495,77.69626600148536,13.000288982126634,77.68031892778362
2026-09-30T03:22:00Z,2026-09-30 08:52:00,orr_mahadevapura,ok,FRC1,23,46,665,332,1,False,13.000373429575006,77.67881152631685,12.969829756831466,77.70065275433024
2026-09-30T03:22:00Z,2026-09-30 08:52:00,hosur_bommanahalli,ok,FRC1,22,40,107,58,1,False,12.909218593796567,77.62749282122297,12.91427319093241,77.62440291643713
2026-09-30T03:22:00Z,2026-09-30 08:52:00,sarjapur_agara,ok,FRC1,6,35,614,105,1,False,12.917313432684539,77.64083412886617,12.923976051130884,77.64726874829438
2026-09-30T03:22:00Z,2026-09-30 08:52:00,old_airport_konena,ok,FRC2,23,33,2292,1597,1,False,12.956720480405576,77.74534372094678,12.972658179083226,77.61948508620713
2026-09-30T03:22:00Z,2026-09-30 08:52:00,varthur_kundalahalli,ok,FRC2,26,35,2023,1503,1,False,12.972670267685029,77.61953604817847,12.956926979936062,77.74537054303693
2026-09-30T03:37:00Z,2026-09-30 09:07:00,orr_hsr,ok,FRC1,43,43,59,59,1,False,12.917273237323744,77.64092666507719,12.916244577017903,77.63487560153817
2026-09-30T03:37:00Z,2026-09-30 09:07:00,orr_iblur,ok,FRC1,14,43,507,165,1,False,12.92075738312682,77.66533074380487,12.928526460252453,77.68170697094911
2026-09-30T03:37:00Z,2026-09-30 09:07:00,orr_bellandur,ok,FRC1,25,48,101,53,1,False,12.928526460252453,77.68170697094911,12.93191543996225,77.68717197181826
2026-09-30T03:37:00Z,2026-09-30 09:07:00,orr_marathahalli,ok,FRC1,17,40,822,349,1,False,12.969829756831466,77.70065275433024,12.937285233242429,77.69319621326713
2026-09-30T03:37:00Z,2026-09-30 09:07:00,orr_doddanekundi,ok,FRC1,32,41,830,647,1,False,12.94125482917495,77.69626600148536,13.000288982126634,77.68031892778362
2026-09-30T03:37:00Z,2026-09-30 09:07:00,orr_mahadevapura,ok,FRC1,21,46,728,332,1,False,13.000373429575006,77.67881152631685,12.969829756831466,77.70065275433024
2026-09-30T03:37:00Z,2026-09-30 09:07:00,hosur_bommanahalli,ok,FRC1,13,40,181,58,1,False,12.909218593796567,77.62749282122297,12.91427319093241,77.62440291643713
2026-09-30T03:37:00Z,2026-09-30 09:07:00,sarjapur_agara,ok,FRC1,4,38,921,96,1,False,12.917313432684539,77.64083412886617,12.923976051130884,77.64726874829438
2026-09-30T03:37:00Z,2026-09-30 09:07:00,old_airport_konena,ok,FRC2,21,33,2510,1597,1,False,12.956720480405576,77.74534372094678,12.972658179083226,77.61948508620713
2026-09-30T03:37:00Z,2026-09-30 09:07:00,varthur_kundalahalli,ok,FRC2,26,35,2023,1503,1,False,12.972670267685029,77.61953604817847,12.956926979936062,77.74537054303693
2026-09-30T03:52:00Z,2026-09-30 09:22:00,orr_hsr,ok,FRC1,33,42,77,60,1,False,12.917273237323744,77.64092666507719,12.916244577017903,77.63487560153817
2026-09-30T03:52:00Z,2026-09-30 09:22:00,orr_iblur,ok,FRC1,17,43,418,165,1,False,12.92075738312682,77.66533074380487,12.928526460252453,77.68170697094911
2026-09-30T03:52:00Z,2026-09-30 09:22:00,orr_bellandur,ok,FRC1,33,48,77,53,1,False,12.928526460252453,77.68170697094911,12.93191543996225,77.68717197181826
2026-09-30T03:52:00Z,2026-09-30 09:22:00,orr_marathahalli,ok,FRC1,13,39,1075,358,1,False,12.969829756831466,77.70065275433024,12.937285233242429,77.69319621326713
2026-09-30T03:52:00Z,2026-09-30 09:22:00,orr_doddanekundi,ok,FRC1,28,42,948,632,1,False,12.94125482917495,77.69626600148536,13.000288982126634,77.68031892778362
2026-09-30T03:52:00Z,2026-09-30 09:22:00,orr_mahadevapura,ok,FRC1,19,45,805,339,1,False,13.000373429575006,77.67881152631685,12.969829756831466,77.70065275433024
2026-09-30T03:52:00Z,2026-09-30 09:22:00,hosur_bommanahalli,ok,FRC1,31,40,75,58,1,False,12.909218593796567,77.62749282122297,12.91427319093241,77.62440291643713
2026-09-30T03:52:00Z,2026-09-30 09:22:00,sarjapur_agara,ok,FRC1,17,38,216,96,1,False,12.917313432684539,77.64083412886617,12.923976051130884,77.64726874829438
2026-09-30T03:52:00Z,2026-09-30 09:22:00,old_airport_konena,ok,FRC2,20,33,2636,1597,1,False,12.956720480405576,77.74534372094678,12.972658179083226,77.61948508620713
2026-09-30T03:52:00Z,2026-09-30 09:22:00,varthur_kundalahalli,ok,FRC2,25,35,2104,1503,1,False,12.972670267685029,77.61953604817847,12.956926979936062,77.74537054303693
2026-09-30T04:07:00Z,2026-09-30 09:37:00,orr_hsr,ok,FRC1,30,42,85,60,1,False,12.917273237323744,77.64092666507719,12.916244577017903,77.63487560153817
2026-09-30T04:07:00Z,2026-09-30 09:37:00,orr_iblur,ok,FRC1,13,42,546,169,1,False,12.92075738312682,77.66533074380487,12.928526460252453,77.68170697094911
2026-09-30T04:07:00Z,2026-09-30 09:37:00,orr_bellandur,ok,FRC1,35,49,72,51,1,False,12.928526460252453,77.68170697094911,12.93191543996225,77.68717197181826
2026-09-30T04:07:00Z,2026-09-30 09:37:00,orr_marathahalli,ok,FRC1,16,40,873,349,1,False,12.969829756831466,77.70065275433024,12.937285233242429,77.69319621326713
2026-09-30T04:07:00Z,2026-09-30 09:37:00,orr_doddanekundi,ok,FRC1,29,42,915,632,1,False,12.94125482917495,77.69626600148536,13.000288982126634,77.68031892778362
2026-09-30T04:07:00Z,2026-09-30 09:37:00,orr_mahadevapura,ok,FRC1,26,46,588,332,1,False,13.000373429575006,77.67881152631685,12.969829756831466,77.70065275433024
2026-09-30T04:07:00Z,2026-09-30 09:37:00,hosur_bommanahalli,ok,FRC1,21,40,112,58,1,False,12.909218593796567,77.62749282122297,12.91427319093241,77.62440291643713
2026-09-30T04:07:00Z,2026-09-30 09:37:00,sarjapur_agara,ok,FRC1,3,38,1228,96,1,False,12.917313432684539,77.64083412886617,12.923976051130884,77.64726874829438
2026-09-30T04:07:00Z,2026-09-30 09:37:00,old_airport_konena,ok,FRC2,20,33,2636,1597,1,False,12.956720480405576,77.74534372094678,12.972658179083226,77.61948508620713
2026-09-30T04:07:00Z,2026-09-30 09:37:00,varthur_kundalahalli,ok,FRC2,23,35,2287,1503,1,False,12.972670267685029,77.61953604817847,12.956926979936062,77.74537054303693
2026-09-30T04:22:00Z,2026-09-30 09:52:00,orr_hsr,ok,FRC1,21,43,121,59,1,False,12.917273237323744,77.64092666507719,12.916244577017903,77.63487560153817
2026-09-30T04:22:00Z,2026-09-30 09:52:00,orr_iblur,ok,FRC1,15,43,473,165,1,False,12.92075738312682,77.66533074380487,12.928526460252453,77.68170697094911
2026-09-30T04:22:00Z,2026-09-30 09:52:00,orr_bellandur,ok,FRC1,35,49,72,51,1,False,12.928526460252453,77.68170697094911,12.93191543996225,77.68717197181826
2026-09-30T04:22:00Z,2026-09-30 09:52:00,orr_marathahalli,ok,FRC1,11,39,1270,358,1,False,12.969829756831466,77.70065275433024,12.937285233242429,77.69319621326713
2026-09-30T04:22:00Z,2026-09-30 09:52:00,orr_doddanekundi,ok,FRC1,30,42,885,632,1,False,12.94125482917495,77.69626600148536,13.000288982126634,77.68031892778362
2026-09-30T04:22:00Z,2026-09-30 09:52:00,orr_mahadevapura,ok,FRC1,25,46,611,332,1,False,13.000373429575006,77.67881152631685,12.969829756831466,77.70065275433024
2026-09-30T04:22:00Z,2026-09-30 09:52:00,hosur_bommanahalli,ok,FRC1,20,40,117,58,1,False,12.909218593796567,77.62749282122297,12.91427319093241,77.62440291643713
2026-09-30T04:22:00Z,2026-09-30 09:52:00,sarjapur_agara,ok,FRC1,6,39,614,94,1,False,12.917313432684539,77.64083412886617,12.923976051130884,77.64726874829438
2026-09-30T04:22:00Z,2026-09-30 09:52:00,old_airport_konena,ok,FRC2,20,33,2636,1597,1,False,12.956720480405576,77.74534372094678,12.972658179083226,77.61948508620713
2026-09-30T04:22:00Z,2026-09-30 09:52:00,varthur_kundalahalli,ok,FRC2,24,35,2192,1503,1,False,12.972670267685029,77.61953604817847,12.956926979936062,77.74537054303693
2026-09-30T04:37:00Z,2026-09-30 10:07:00,orr_hsr,ok,FRC1,43,43,59,59,1,False,12.917273237323744,77.64092666507719,12.916244577017903,77.63487560153817
2026-09-30T04:37:00Z,2026-09-30 10:07:00,orr_iblur,ok,FRC1,11,41,646,173,1,False,12.92075738312682,77.66533074380487,12.928526460252453,77.68170697094911
2026-09-30T04:37:00Z,2026-09-30 10:07:00,orr_bellandur,ok,FRC1,37,48,68,53,1,False,12.928526460252453,77.68170697094911,12.93191543996225,77.68717197181826
2026-09-30T04:37:00Z,2026-09-30 10:07:00,orr_marathahalli,ok,FRC1,7,39,1996,358,1,False,12.969829756831466,77.70065275433024,12.937285233242429,77.69319621326713
2026-09-30T04:37:00Z,2026-09-30 10:07:00,orr_doddanekundi,ok,FRC1,32,41,830,647,1,False,12.94125482917495,77.69626600148536,13.000288982126634,77.68031892778362
2026-09-30T04:37:00Z,2026-09-30 10:07:00,orr_mahadevapura,ok,FRC1,28,46,546,332,1,False,13.000373429575006,77.67881152631685,12.969829756831466,77.70065275433024
2026-09-30T04:37:00Z,2026-09-30 10:07:00,hosur_bommanahalli,ok,FRC1,24,40,98,58,1,False,12.909218593796567,77.62749282122297,12.91427319093241,77.62440291643713
2026-09-30T04:37:00Z,2026-09-30 10:07:00,sarjapur_agara,ok,FRC1,10,40,368,92,1,False,12.917313432684539,77.64083412886617,12.923976051130884,77.64726874829438
2026-09-30T04:37:00Z,2026-09-30 10:07:00,old_airport_konena,ok,FRC2,20,33,2636,1597,1,False,12.956720480405576,77.74534372094678,12.972658179083226,77.61948508620713
2026-09-30T04:37:00Z,2026-09-30 10:07:00,varthur_kundalahalli,ok,FRC2,25,35,2104,1503,1,False,12.972670267685029,77.61953604817847,12.956926979936062,77.74537054303693
2026-09-30T04:52:00Z,2026-09-30 10:22:00,orr_hsr,ok,FRC1,43,43,59,59,1,False,12.917273237323744,77.64092666507719,12.916244577017903,77.63487560153817
2026-09-30T04:52:00Z,2026-09-30 10:22:00,orr_iblur,ok,FRC1,12,43,592,165,1,False,12.92075738312682,77.66533074380487,12.928526460252453,77.68170697094911
2026-09-30T04:52:00Z,2026-09-30 10:22:00,orr_bellandur,ok,FRC1,34,49,74,51,1,False,12.928526460252453,77.68170697094911,12.93191543996225,77.68717197181826
2026-09-30T04:52:00Z,2026-09-30 10:22:00,orr_marathahalli,ok,FRC1,10,38,1397,367,1,False,12.969829756831466,77.70065275433024,12.937285233242429,77.69319621326713
2026-09-30T04:52:00Z,2026-09-30 10:22:00,orr_doddanekundi,ok,FRC1,32,42,830,632,1,False,12.94125482917495,77.69626600148536,13.000288982126634,77.68031892778362
2026-09-30T04:52:00Z,2026-09-30 10:22:00,orr_mahadevapura,ok,FRC1,25,46,611,332,1,False,13.000373429575006,77.67881152631685,12.969829756831466,77.70065275433024
2026-09-30T04:52:00Z,2026-09-30 10:22:00,hosur_bommanahalli,ok,FRC1,25,38,94,61,1,False,12.909218593796567,77.62749282122297,12.91427319093241,77.62440291643713
2026-09-30T04:52:00Z,2026-09-30 10:22:00,sarjapur_agara,ok,FRC1,5,36,737,102,1,False,12.917313432684539,77.64083412886617,12.923976051130884,77.64726874829438
2026-09-30T04:52:00Z,2026-09-30 10:22:00,old_airport_konena,ok,FRC2,20,33,2636,1597,1,False,12.956720480405576,77.74534372094678,12.972658179083226,77.61948508620713
2026-09-30T04:52:00Z,2026-09-30 10:22:00,varthur_kundalahalli,ok,FRC2,26,35,2023,1503,1,False,12.972670267685029,77.61953604817847,12.956926979936062,77.74537054303693
2026-09-30T05:07:00Z,2026-09-30 10:37:00,orr_hsr,ok,FRC1,23,43,111,59,1,False,12.917273237323744,77.64092666507719,12.916244577017903,77.63487560153817
2026-09-30T05:07:00Z,2026-09-30 10:37:00,orr_iblur,ok,FRC1,13,42,546,169,1,False,12.92075738312682,77.66533074380487,12.928526460252453,77.68170697094911
2026-09-30T05:07:00Z,2026-09-30 10:37:00,orr_bellandur,ok,FRC1,49,49,51,51,1,False,12.928526460252453,77.68170697094911,12.93191543996225,77.68717197181826
2026-09-30T05:07:00Z,2026-09-30 10:37:00,orr_marathahalli,ok,FRC1,9,40,1552,349,1,False,12.969829756831466,77.70065275433024,12.937285233242429,77.69319621326713
2026-09-30T05:07:00Z,2026-09-30 10:37:00,orr_doddanekundi,ok,FRC1,32,42,830,632,1,False,12.94125482917495,77.69626600148536,13.000288982126634,77.68031892778362
2026-09-30T05:07:00Z,2026-09-30 10:37:00,orr_mahadevapura,ok,FRC1,25,46,611,332,1,False,13.000373429575006,77.67881152631685,12.969829756831466,77.70065275433024
2026-09-30T05:07:00Z,2026-09-30 10:37:00,hosur_bommanahalli,ok,FRC1,40,40,58,58,1,False,12.909218593796567,77.62749282122297,12.91427319093241,77.62440291643713
2026-09-30T05:07:00Z,2026-09-30 10:37:00,sarjapur_agara,ok,FRC1,4,42,921,87,1,False,12.917313432684539,77.64083412886617,12.923976051130884,77.64726874829438
2026-09-30T05:07:00Z,2026-09-30 10:37:00,old_airport_konena,ok,FRC2,22,33,2396,1597,1,False,12.956720480405576,77.74534372094678,12.972658179083226,77.61948508620713
2026-09-30T05:07:00Z,2026-09-30 10:37:00,varthur_kundalahalli,ok,FRC2,26,35,2023,1503,1,False,12.972670267685029,77.61953604817847,12.956926979936062,77.74537054303693
2026-09-30T05:10:33Z,2026-09-30 10:40:33,orr_ccw_01,ok,FRC2,22,29,675,512,0.991081,False,12.914312079594005,77.59987143278119,12.91632913467243,77.63492924571847
2026-09-30T05:10:33Z,2026-09-30 10:40:33,orr_ccw_02,ok,FRC2,17,22,145,112,0.950832,False,12.91632913467243,77.63492924571847,12.917313432684539,77.64083412886617
2026-09-30T05:10:33Z,2026-09-30 10:40:33,orr_ccw_03,ok,FRC1,5,39,737,94,1,False,12.917313432684539,77.64083412886617,12.923976051130884,77.64726874829438
2026-09-30T05:10:33Z,2026-09-30 10:40:33,orr_ccw_04,ok,FRC1,12,37,619,200,1,False,12.923976051130884,77.64726874829438,12.920456983978704,77.6656123757515
2026-09-30T05:10:33Z,2026-09-30 10:40:33,orr_iblur,ok,FRC1,13,44,546,161,1,False,12.92075738312682,77.66533074380487,12.928526460252453,77.68170697094911
2026-09-30T05:10:33Z,2026-09-30 10:40:33,orr_bellandur,ok,FRC1,37,49,68,51,1,False,12.928526460252453,77.68170697094911,12.93191543996225,77.68717197181826
2026-09-30T05:10:33Z,2026-09-30 10:40:33,orr_ccw_07,ok,FRC1,37,46,140,112,1,False,12.93191543996225,77.68717197181826,12.94125482917495,77.69626600148536
2026-09-30T05:10:33Z,2026-09-30 10:40:33,orr_doddanekundi,ok,FRC1,32,42,830,632,1,False,12.94125482917495,77.69626600148536,13.000288982126634,77.68031892778362
2026-09-30T05:10:33Z,2026-09-30 10:40:33,orr_mahadevapura,ok,FRC1,26,46,588,332,1,False,13.000373429575006,77.67881152631685,12.969829756831466,77.70065275433024
2026-09-30T05:10:33Z,2026-09-30 10:40:33,orr_marathahalli,ok,FRC1,9,38,1552,367,1,False,12.969829756831466,77.70065275433024,12.937285233242429,77.69319621326713
2026-09-30T05:10:33Z,2026-09-30 10:40:33,orr_cw_03,ok,FRC1,22,43,144,73,1,False,12.937285233242429,77.69319621326713,12.931856375841525,77.68727389576082
2026-09-30T05:10:33Z,2026-09-30 10:40:33,orr_cw_04,ok,FRC1,49,49,52,52,1,False,12.931856375841525,77.68727389576082,12.928431204782255,77.6817767083835
2026-09-30T05:10:33Z,2026-09-30 10:40:33,orr_cw_05,ok,FRC1,28,41,411,281,1,False,12.928431204782255,77.6817767083835,12.92365016676366,77.65453217030841
2026-09-30T05:10:33Z,2026-09-30 10:40:33,orr_cw_06,ok,FRC2,21,27,136,105,0.970061,False,12.923682354910097,77.65436721445394,12.923860778469008,77.64722315074113
2026-09-30T05:10:33Z,2026-09-30 10:40:33,orr_cw_07,ok,FRC1,28,28,129,129,1,False,12.923860778469008,77.64722315074113,12.917273237323744,77.64092666507719
2026-09-30T05:10:33Z,2026-09-30 10:40:33,orr_hsr,ok,FRC1,34,42,75,60,1,False,12.917273237323744,77.64092666507719,12.916244577017903,77.63487560153817
2026-09-30T05:10:33Z,2026-09-30 10:40:33,orr_cw_09,ok,FRC1,22,28,186,146,1,False,12.916244577017903,77.63487560153817,12.917561549026608,77.62450081706618
2026-09-30T05:10:33Z,2026-09-30 10:40:33,hosur_bommanahalli,ok,FRC1,40,40,58,58,1,False,12.909218593796567,77.62749282122297,12.91427319093241,77.62440291643713
2026-09-30T05:10:33Z,2026-09-30 10:40:33,hosur_02,ok,FRC2,15,27,1903,1057,1,False,12.91427319093241,77.62440291643713,12.967995120478843,77.60036361813553
2026-09-30T05:10:33Z,2026-09-30 10:40:33,old_airport_konena,ok,FRC2,21,33,2510,1597,1,False,12.956720480405576,77.74534372094678,12.972658179083226,77.61948508620713
2026-09-30T05:10:33Z,2026-09-30 10:40:33,varthur_kundalahalli,ok,FRC2,26,35,2023,1503,1,False,12.972670267685029,77.61953604817847,12.956926979936062,77.74537054303693
2026-09-30T06:37:00Z,2026-09-30 12:07:00,orr_ccw_01,ok,FRC2,24,28,619,531,0.995308,False,12.914312079594005,77.59987143278119,12.91632913467243,77.63492924571847
2026-09-30T06:37:00Z,2026-09-30 12:07:00,orr_ccw_02,ok,FRC2,18,22,137,112,0.957322,False,12.91632913467243,77.63492924571847,12.917313432684539,77.64083412886617
2026-09-30T06:37:00Z,2026-09-30 12:07:00,orr_ccw_03,ok,FRC1,7,41,526,89,1,False,12.917313432684539,77.64083412886617,12.923976051130884,77.64726874829438
2026-09-30T06:37:00Z,2026-09-30 12:07:00,orr_ccw_04,ok,FRC1,11,36,675,206,1,False,12.923976051130884,77.64726874829438,12.920456983978704,77.6656123757515
2026-09-30T06:37:00Z,2026-09-30 12:07:00,orr_iblur,ok,FRC1,15,44,473,161,1,False,12.92075738312682,77.66533074380487,12.928526460252453,77.68170697094911
2026-09-30T06:37:00Z,2026-09-30 12:07:00,orr_bellandur,ok,FRC1,39,48,65,53,1,False,12.928526460252453,77.68170697094911,12.93191543996225,77.68717197181826
2026-09-30T06:37:00Z,2026-09-30 12:07:00,orr_ccw_07,ok,FRC1,46,46,112,112,1,False,12.93191543996225,77.68717197181826,12.94125482917495,77.69626600148536
2026-09-30T06:37:00Z,2026-09-30 12:07:00,orr_doddanekundi,ok,FRC1,33,42,804,632,1,False,12.94125482917495,77.69626600148536,13.000288982126634,77.68031892778362
2026-09-30T06:37:00Z,2026-09-30 12:07:00,orr_mahadevapura,ok,FRC1,35,46,437,332,1,False,13.000373429575006,77.67881152631685,12.969829756831466,77.70065275433024
2026-09-30T06:37:00Z,2026-09-30 12:07:00,orr_marathahalli,ok,FRC1,12,39,1164,358,1,False,12.969829756831466,77.70065275433024,12.937285233242429,77.69319621326713
2026-09-30T06:37:00Z,2026-09-30 12:07:00,orr_cw_03,ok,FRC1,24,44,132,72,1,False,12.937285233242429,77.69319621326713,12.931856375841525,77.68727389576082
2026-09-30T06:37:00Z,2026-09-30 12:07:00,orr_cw_04,ok,FRC1,49,49,52,52,1,False,12.931856375841525,77.68727389576082,12.928431204782255,77.6817767083835
2026-09-30T06:37:00Z,2026-09-30 12:07:00,orr_cw_05,ok,FRC1,30,42,384,274,1,False,12.928431204782255,77.6817767083835,12.92365016676366,77.65453217030841
2026-09-30T06:37:00Z,2026-09-30 12:07:00,orr_cw_06,ok,FRC2,18,27,158,105,0.878339,False,12.923682354910097,77.65436721445394,12.923860778469008,77.64722315074113
2026-09-30T06:37:00Z,2026-09-30 12:07:00,orr_cw_07,ok,FRC1,21,28,172,129,1,False,12.923860778469008,77.64722315074113,12.917273237323744,77.64092666507719
2026-09-30T06:37:00Z,2026-09-30 12:07:00,orr_hsr,ok,FRC1,43,43,59,59,1,False,12.917273237323744,77.64092666507719,12.916244577017903,77.63487560153817
2026-09-30T06:37:00Z,2026-09-30 12:07:00,orr_cw_09,ok,FRC1,29,29,141,141,1,False,12.916244577017903,77.63487560153817,12.917561549026608,77.62450081706618
2026-09-30T06:37:00Z,2026-09-30 12:07:00,hosur_bommanahalli,ok,FRC1,30,39,78,60,1,False,12.909218593796567,77.62749282122297,12.91427319093241,77.62440291643713
2026-09-30T06:37:00Z,2026-09-30 12:07:00,hosur_02,ok,FRC2,18,27,1585,1057,1,False,12.91427319093241,77.62440291643713,12.967995120478843,77.60036361813553
2026-09-30T06:37:00Z,2026-09-30 12:07:00,old_airport_konena,ok,FRC2,22,33,2396,1597,1,False,12.956720480405576,77.74534372094678,12.972658179083226,77.61948508620713
2026-09-30T06:37:00Z,2026-09-30 12:07:00,varthur_kundalahalli,ok,FRC2,24,35,2192,1503,1,False,12.972670267685029,77.61953604817847,12.956926979936062,77.74537054303693
2026-09-30T08:37:00Z,2026-09-30 14:07:00,orr_ccw_01,ok,FRC2,21,29,708,512,0.996102,False,12.914312079594005,77.59987143278119,12.91632913467243,77.63492924571847
2026-09-30T08:37:00Z,2026-09-30 14:07:00,orr_ccw_02,ok,FRC2,17,23,145,107,0.995273,False,12.91632913467243,77.63492924571847,12.917313432684539,77.64083412886617
2026-09-30T08:37:00Z,2026-09-30 14:07:00,orr_ccw_03,ok,FRC1,39,39,94,94,1,False,12.917313432684539,77.64083412886617,12.923976051130884,77.64726874829438
2026-09-30T08:37:00Z,2026-09-30 14:07:00,orr_ccw_04,ok,FRC1,23,37,323,200,1,False,12.923976051130884,77.64726874829438,12.920456983978704,77.6656123757515
2026-09-30T08:37:00Z,2026-09-30 14:07:00,orr_iblur,ok,FRC1,13,41,546,173,1,False,12.92075738312682,77.66533074380487,12.928526460252453,77.68170697094911
2026-09-30T08:37:00Z,2026-09-30 14:07:00,orr_bellandur,ok,FRC1,22,50,115,50,1,False,12.928526460252453,77.68170697094911,12.93191543996225,77.68717197181826
2026-09-30T08:37:00Z,2026-09-30 14:07:00,orr_ccw_07,ok,FRC1,31,46,167,112,1,False,12.93191543996225,77.68717197181826,12.94125482917495,77.69626600148536
2026-09-30T08:37:00Z,2026-09-30 14:07:00,orr_doddanekundi,ok,FRC1,32,41,830,647,1,False,12.94125482917495,77.69626600148536,13.000288982126634,77.68031892778362
2026-09-30T08:37:00Z,2026-09-30 14:07:00,orr_mahadevapura,ok,FRC1,35,46,437,332,1,False,13.000373429575006,77.67881152631685,12.969829756831466,77.70065275433024
2026-09-30T08:37:00Z,2026-09-30 14:07:00,orr_marathahalli,ok,FRC1,22,39,635,358,1,False,12.969829756831466,77.70065275433024,12.937285233242429,77.69319621326713
2026-09-30T08:37:00Z,2026-09-30 14:07:00,orr_cw_03,ok,FRC1,21,44,151,72,1,False,12.937285233242429,77.69319621326713,12.931856375841525,77.68727389576082
2026-09-30T08:37:00Z,2026-09-30 14:07:00,orr_cw_04,ok,FRC1,49,49,52,52,1,False,12.931856375841525,77.68727389576082,12.928431204782255,77.6817767083835
2026-09-30T08:37:00Z,2026-09-30 14:07:00,orr_cw_05,ok,FRC1,42,42,274,274,1,False,12.928431204782255,77.6817767083835,12.92365016676366,77.65453217030841
2026-09-30T08:37:00Z,2026-09-30 14:07:00,orr_cw_06,ok,FRC2,28,28,102,102,1,False,12.923682354910097,77.65436721445394,12.923860778469008,77.64722315074113
2026-09-30T08:37:00Z,2026-09-30 14:07:00,orr_cw_07,ok,FRC1,25,28,144,129,1,False,12.923860778469008,77.64722315074113,12.917273237323744,77.64092666507719
2026-09-30T08:37:00Z,2026-09-30 14:07:00,orr_hsr,ok,FRC1,43,43,59,59,1,False,12.917273237323744,77.64092666507719,12.916244577017903,77.63487560153817
2026-09-30T08:37:00Z,2026-09-30 14:07:00,orr_cw_09,ok,FRC1,29,29,141,141,1,False,12.916244577017903,77.63487560153817,12.917561549026608,77.62450081706618
2026-09-30T08:37:00Z,2026-09-30 14:07:00,hosur_bommanahalli,ok,FRC1,32,39,73,60,1,False,12.909218593796567,77.62749282122297,12.91427319093241,77.62440291643713
2026-09-30T08:37:00Z,2026-09-30 14:07:00,hosur_02,ok,FRC2,23,28,1241,1019,1,False,12.91427319093241,77.62440291643713,12.967995120478843,77.60036361813553
2026-09-30T08:37:00Z,2026-09-30 14:07:00,old_airport_konena,ok,FRC2,25,33,2109,1597,1,False,12.956720480405576,77.74534372094678,12.972658179083226,77.61948508620713
2026-09-30T08:37:00Z,2026-09-30 14:07:00,varthur_kundalahalli,ok,FRC2,27,35,1949,1503,1,False,12.972670267685029,77.61953604817847,12.956926979936062,77.74537054303693
2026-09-30T11:07:00Z,2026-09-30 16:37:00,orr_ccw_01,ok,FRC2,22,28,675,531,0.989454,False,12.914312079594005,77.59987143278119,12.91632913467243,77.63492924571847
2026-09-30T11:07:00Z,2026-09-30 16:37:00,orr_ccw_02,ok,FRC2,17,21,145,117,0.990167,False,12.91632913467243,77.63492924571847,12.917313432684539,77.64083412886617
2026-09-30T11:07:00Z,2026-09-30 16:37:00,orr_ccw_03,ok,FRC1,26,39,141,94,1,False,12.917313432684539,77.64083412886617,12.923976051130884,77.64726874829438
2026-09-30T11:07:00Z,2026-09-30 16:37:00,orr_ccw_04,ok,FRC1,36,36,206,206,1,False,12.923976051130884,77.64726874829438,12.920456983978704,77.6656123757515
2026-09-30T11:07:00Z,2026-09-30 16:37:00,orr_iblur,ok,FRC1,12,45,592,157,1,False,12.92075738312682,77.66533074380487,12.928526460252453,77.68170697094911
2026-09-30T11:07:00Z,2026-09-30 16:37:00,orr_bellandur,ok,FRC1,39,49,65,51,1,False,12.928526460252453,77.68170697094911,12.93191543996225,77.68717197181826
2026-09-30T11:07:00Z,2026-09-30 16:37:00,orr_ccw_07,ok,FRC1,14,46,370,112,1,False,12.93191543996225,77.68717197181826,12.94125482917495,77.69626600148536
2026-09-30T11:07:00Z,2026-09-30 16:37:00,orr_doddanekundi,ok,FRC1,20,41,1328,647,1,False,12.94125482917495,77.69626600148536,13.000288982126634,77.68031892778362
2026-09-30T11:07:00Z,2026-09-30 16:37:00,orr_mahadevapura,ok,FRC1,22,47,695,325,1,False,13.000373429575006,77.67881152631685,12.969829756831466,77.70065275433024
2026-09-30T11:07:00Z,2026-09-30 16:37:00,orr_marathahalli,ok,FRC1,3,44,4658,317,1,False,12.969829756831466,77.70065275433024,12.937285233242429,77.69319621326713
2026-09-30T11:07:00Z,2026-09-30 16:37:00,orr_cw_03,ok,FRC1,3,43,1057,73,1,False,12.937285233242429,77.69319621326713,12.931856375841525,77.68727389576082
2026-09-30T11:07:00Z,2026-09-30 16:37:00,orr_cw_04,ok,FRC1,4,46,641,55,0.99,False,12.931856375841525,77.68727389576082,12.928431204782255,77.6817767083835
2026-09-30T11:07:00Z,2026-09-30 16:37:00,orr_cw_05,ok,FRC1,12,42,961,274,1,False,12.928431204782255,77.6817767083835,12.92365016676366,77.65453217030841
2026-09-30T11:07:00Z,2026-09-30 16:37:00,orr_cw_06,ok,FRC2,21,28,136,102,0.95,False,12.923682354910097,77.65436721445394,12.923860778469008,77.64722315074113
2026-09-30T11:07:00Z,2026-09-30 16:37:00,orr_cw_07,ok,FRC1,28,28,129,129,1,False,12.923860778469008,77.64722315074113,12.917273237323744,77.64092666507719
2026-09-30T11:07:00Z,2026-09-30 16:37:00,orr_hsr,ok,FRC1,27,42,94,60,1,False,12.917273237323744,77.64092666507719,12.916244577017903,77.63487560153817
2026-09-30T11:07:00Z,2026-09-30 16:37:00,orr_cw_09,ok,FRC1,19,29,216,141,1,False,12.916244577017903,77.63487560153817,12.917561549026608,77.62450081706618
2026-09-30T11:37:00Z,2026-09-30 17:07:00,orr_ccw_01,ok,FRC2,22,28,675,531,0.967156,False,12.914312079594005,77.59987143278119,12.91632913467243,77.63492924571847
2026-09-30T11:37:00Z,2026-09-30 17:07:00,orr_ccw_02,ok,FRC2,17,22,145,112,0.995273,False,12.91632913467243,77.63492924571847,12.917313432684539,77.64083412886617
2026-09-30T11:37:00Z,2026-09-30 17:07:00,orr_ccw_03,ok,FRC1,30,38,122,96,1,False,12.917313432684539,77.64083412886617,12.923976051130884,77.64726874829438
2026-09-30T11:37:00Z,2026-09-30 17:07:00,orr_ccw_04,ok,FRC1,26,38,285,195,1,False,12.923976051130884,77.64726874829438,12.920456983978704,77.6656123757515
2026-09-30T11:37:00Z,2026-09-30 17:07:00,orr_iblur,ok,FRC1,6,47,1184,151,1,False,12.92075738312682,77.66533074380487,12.928526460252453,77.68170697094911
2026-09-30T11:37:00Z,2026-09-30 17:07:00,orr_bellandur,ok,FRC1,37,48,68,53,1,False,12.928526460252453,77.68170697094911,12.93191543996225,77.68717197181826
2026-09-30T11:37:00Z,2026-09-30 17:07:00,orr_ccw_07,ok,FRC1,3,49,1728,105,1,False,12.93191543996225,77.68717197181826,12.94125482917495,77.69626600148536
2026-09-30T11:37:00Z,2026-09-30 17:07:00,orr_doddanekundi,ok,FRC1,17,43,1562,617,1,False,12.94125482917495,77.69626600148536,13.000288982126634,77.68031892778362
2026-09-30T11:37:00Z,2026-09-30 17:07:00,orr_mahadevapura,ok,FRC1,11,45,1390,339,0.988196,False,13.000373429575006,77.67881152631685,12.969829756831466,77.70065275433024
2026-09-30T11:37:00Z,2026-09-30 17:07:00,orr_marathahalli,ok,FRC1,2,42,6988,332,0.967547,False,12.969829756831466,77.70065275433024,12.937285233242429,77.69319621326713
2026-09-30T11:37:00Z,2026-09-30 17:07:00,orr_cw_03,ok,FRC1,12,43,264,73,1,False,12.937285233242429,77.69319621326713,12.931856375841525,77.68727389576082
2026-09-30T11:37:00Z,2026-09-30 17:07:00,orr_cw_04,ok,FRC1,13,48,197,53,1,False,12.931856375841525,77.68727389576082,12.928431204782255,77.6817767083835
2026-09-30T11:37:00Z,2026-09-30 17:07:00,orr_cw_05,ok,FRC1,15,42,768,274,1,False,12.928431204782255,77.6817767083835,12.92365016676366,77.65453217030841
2026-09-30T11:37:00Z,2026-09-30 17:07:00,orr_cw_06,ok,FRC2,22,28,129,102,0.96,False,12.923682354910097,77.65436721445394,12.923860778469008,77.64722315074113
2026-09-30T11:37:00Z,2026-09-30 17:07:00,orr_cw_07,ok,FRC1,23,28,157,129,1,False,12.923860778469008,77.64722315074113,12.917273237323744,77.64092666507719
2026-09-30T11:37:00Z,2026-09-30 17:07:00,orr_hsr,ok,FRC1,33,42,77,60,1,False,12.917273237323744,77.64092666507719,12.916244577017903,77.63487560153817
2026-09-30T11:37:00Z,2026-09-30 17:07:00,orr_cw_09,ok,FRC1,22,30,186,136,1,False,12.916244577017903,77.63487560153817,12.917561549026608,77.62450081706618
2026-09-30T11:37:00Z,2026-09-30 17:07:00,hosur_bommanahalli,ok,FRC1,40,40,58,58,1,False,12.909218593796567,77.62749282122297,12.91427319093241,77.62440291643713
2026-09-30T11:37:00Z,2026-09-30 17:07:00,hosur_02,ok,FRC2,17,28,1679,1019,1,False,12.91427319093241,77.62440291643713,12.967995120478843,77.60036361813553
2026-09-30T11:37:00Z,2026-09-30 17:07:00,old_airport_konena,ok,FRC2,17,33,3101,1597,0.997089,False,12.956720480405576,77.74534372094678,12.972658179083226,77.61948508620713
2026-09-30T11:37:00Z,2026-09-30 17:07:00,varthur_kundalahalli,ok,FRC2,16,35,3288,1503,0.99873,False,12.972670267685029,77.61953604817847,12.956926979936062,77.74537054303693
2026-09-30T12:07:00Z,2026-09-30 17:37:00,orr_ccw_01,ok,FRC2,16,29,929,512,0.993543,False,12.914312079594005,77.59987143278119,12.91632913467243,77.63492924571847
2026-09-30T12:07:00Z,2026-09-30 17:37:00,orr_ccw_02,ok,FRC2,15,22,164,112,0.980545,False,12.91632913467243,77.63492924571847,12.917313432684539,77.64083412886617
2026-09-30T12:07:00Z,2026-09-30 17:37:00,orr_ccw_03,ok,FRC1,25,38,147,96,1,False,12.917313432684539,77.64083412886617,12.923976051130884,77.64726874829438
2026-09-30T12:07:00Z,2026-09-30 17:37:00,orr_ccw_04,ok,FRC1,17,36,437,206,1,False,12.923976051130884,77.64726874829438,12.920456983978704,77.6656123757515
2026-09-30T12:07:00Z,2026-09-30 17:37:00,orr_iblur,ok,FRC1,4,49,1777,145,0.999848,False,12.92075738312682,77.66533074380487,12.928526460252453,77.68170697094911
2026-09-30T12:07:00Z,2026-09-30 17:37:00,orr_bellandur,ok,FRC1,6,51,424,49,1,False,12.928526460252453,77.68170697094911,12.93191543996225,77.68717197181826
2026-09-30T12:07:00Z,2026-09-30 17:37:00,orr_ccw_07,ok,FRC1,5,48,1036,108,1,False,12.93191543996225,77.68717197181826,12.94125482917495,77.69626600148536
2026-09-30T12:07:00Z,2026-09-30 17:37:00,orr_doddanekundi,ok,FRC1,15,42,1770,632,0.998917,False,12.94125482917495,77.69626600148536,13.000288982126634,77.68031892778362
2026-09-30T12:07:00Z,2026-09-30 17:37:00,orr_mahadevapura,ok,FRC1,6,46,2549,332,0.877438,False,13.000373429575006,77.67881152631685,12.969829756831466,77.70065275433024
2026-09-30T12:07:00Z,2026-09-30 17:37:00,orr_marathahalli,ok,FRC1,5,43,2795,325,0.981467,False,12.969829756831466,77.70065275433024,12.937285233242429,77.69319621326713
2026-09-30T12:07:00Z,2026-09-30 17:37:00,orr_cw_03,ok,FRC1,13,45,244,70,1,False,12.937285233242429,77.69319621326713,12.931856375841525,77.68727389576082
2026-09-30T12:07:00Z,2026-09-30 17:37:00,orr_cw_04,ok,FRC1,22,47,116,54,1,False,12.931856375841525,77.68727389576082,12.928431204782255,77.6817767083835
2026-09-30T12:07:00Z,2026-09-30 17:37:00,orr_cw_05,ok,FRC1,15,41,768,281,1,False,12.928431204782255,77.6817767083835,12.92365016676366,77.65453217030841
2026-09-30T12:07:00Z,2026-09-30 17:37:00,orr_cw_06,ok,FRC2,20,28,142,102,0.93,False,12.923682354910097,77.65436721445394,12.923860778469008,77.64722315074113
2026-09-30T12:07:00Z,2026-09-30 17:37:00,orr_cw_07,ok,FRC1,19,28,190,129,1,False,12.923860778469008,77.64722315074113,12.917273237323744,77.64092666507719
2026-09-30T12:07:00Z,2026-09-30 17:37:00,orr_hsr,ok,FRC1,26,43,98,59,1,False,12.917273237323744,77.64092666507719,12.916244577017903,77.63487560153817
2026-09-30T12:07:00Z,2026-09-30 17:37:00,orr_cw_09,ok,FRC1,18,30,228,136,1,False,12.916244577017903,77.63487560153817,12.917561549026608,77.62450081706618
2026-09-30T12:37:00Z,2026-09-30 18:07:00,orr_ccw_01,ok,FRC2,20,28,743,531,0.977087,False,12.914312079594005,77.59987143278119,12.91632913467243,77.63492924571847
2026-09-30T12:37:00Z,2026-09-30 18:07:00,orr_ccw_02,ok,FRC2,14,21,176,117,0.99,False,12.91632913467243,77.63492924571847,12.917313432684539,77.64083412886617
2026-09-30T12:37:00Z,2026-09-30 18:07:00,orr_ccw_03,ok,FRC1,21,38,175,96,1,False,12.917313432684539,77.64083412886617,12.923976051130884,77.64726874829438
2026-09-30T12:37:00Z,2026-09-30 18:07:00,orr_ccw_04,ok,FRC1,8,37,928,200,1,False,12.923976051130884,77.64726874829438,12.920456983978704,77.6656123757515
2026-09-30T12:37:00Z,2026-09-30 18:07:00,orr_iblur,ok,FRC1,3,42,2369,169,1,False,12.92075738312682,77.66533074380487,12.928526460252453,77.68170697094911
2026-09-30T12:37:00Z,2026-09-30 18:07:00,orr_bellandur,ok,FRC1,4,56,636,45,0.98,False,12.928526460252453,77.68170697094911,12.93191543996225,77.68717197181826
2026-09-30T12:37:00Z,2026-09-30 18:07:00,orr_ccw_07,ok,FRC1,2,50,2592,103,0.969961,False,12.93191543996225,77.68717197181826,12.94125482917495,77.69626600148536
2026-09-30T12:37:00Z,2026-09-30 18:07:00,orr_doddanekundi,ok,FRC1,14,42,1897,632,0.995842,False,12.94125482917495,77.69626600148536,13.000288982126634,77.68031892778362
2026-09-30T12:37:00Z,2026-09-30 18:07:00,orr_mahadevapura,ok,FRC1,6,49,2549,312,0.94056,False,13.000373429575006,77.67881152631685,12.969829756831466,77.70065275433024
2026-09-30T12:37:00Z,2026-09-30 18:07:00,orr_marathahalli,ok,FRC1,23,39,607,358,1,False,12.969829756831466,77.70065275433024,12.937285233242429,77.69319621326713
2026-09-30T12:37:00Z,2026-09-30 18:07:00,orr_cw_03,ok,FRC1,13,43,244,73,1,False,12.937285233242429,77.69319621326713,12.931856375841525,77.68727389576082
2026-09-30T12:37:00Z,2026-09-30 18:07:00,orr_cw_04,ok,FRC1,8,49,320,52,1,False,12.931856375841525,77.68727389576082,12.928431204782255,77.6817767083835
2026-09-30T12:37:00Z,2026-09-30 18:07:00,orr_cw_05,ok,FRC1,15,41,768,281,1,False,12.928431204782255,77.6817767083835,12.92365016676366,77.65453217030841
2026-09-30T12:37:00Z,2026-09-30 18:07:00,orr_cw_06,ok,FRC2,18,28,158,102,0.88,False,12.923682354910097,77.65436721445394,12.923860778469008,77.64722315074113
2026-09-30T12:37:00Z,2026-09-30 18:07:00,orr_cw_07,ok,FRC1,13,28,278,129,1,False,12.923860778469008,77.64722315074113,12.917273237323744,77.64092666507719
2026-09-30T12:37:00Z,2026-09-30 18:07:00,orr_hsr,ok,FRC1,10,43,256,59,1,False,12.917273237323744,77.64092666507719,12.916244577017903,77.63487560153817
2026-09-30T12:37:00Z,2026-09-30 18:07:00,orr_cw_09,ok,FRC1,20,29,205,141,1,False,12.916244577017903,77.63487560153817,12.917561549026608,77.62450081706618
2026-09-30T12:37:00Z,2026-09-30 18:07:00,hosur_bommanahalli,ok,FRC1,22,39,107,60,1,False,12.909218593796567,77.62749282122297,12.91427319093241,77.62440291643713
2026-09-30T12:37:00Z,2026-09-30 18:07:00,hosur_02,ok,FRC2,16,27,1784,1057,1,False,12.91427319093241,77.62440291643713,12.967995120478843,77.60036361813553
2026-09-30T12:37:00Z,2026-09-30 18:07:00,old_airport_konena,ok,FRC2,18,33,2929,1597,0.99065,False,12.956720480405576,77.74534372094678,12.972658179083226,77.61948508620713
2026-09-30T12:37:00Z,2026-09-30 18:07:00,varthur_kundalahalli,ok,FRC2,14,36,3758,1461,0.967535,False,12.972670267685029,77.61953604817847,12.956926979936062,77.74537054303693
2026-09-30T12:52:00Z,2026-09-30 18:22:00,orr_ccw_01,ok,FRC2,17,30,874,495,0.979082,False,12.914312079594005,77.59987143278119,12.91632913467243,77.63492924571847
2026-09-30T12:52:00Z,2026-09-30 18:22:00,orr_ccw_02,ok,FRC2,12,23,205,107,0.984917,False,12.91632913467243,77.63492924571847,12.917313432684539,77.64083412886617
2026-09-30T12:52:00Z,2026-09-30 18:22:00,orr_ccw_03,ok,FRC1,17,40,216,92,1,False,12.917313432684539,77.64083412886617,12.923976051130884,77.64726874829438
2026-09-30T12:52:00Z,2026-09-30 18:22:00,orr_ccw_04,ok,FRC1,4,35,1857,212,1,False,12.923976051130884,77.64726874829438,12.920456983978704,77.6656123757515
2026-09-30T12:52:00Z,2026-09-30 18:22:00,orr_iblur,ok,FRC1,3,51,2369,139,1,False,12.92075738312682,77.66533074380487,12.928526460252453,77.68170697094911
2026-09-30T12:52:00Z,2026-09-30 18:22:00,orr_bellandur,ok,FRC1,2,54,1273,47,0.91,False,12.928526460252453,77.68170697094911,12.93191543996225,77.68717197181826
2026-09-30T12:52:00Z,2026-09-30 18:22:00,orr_ccw_07,ok,FRC1,5,47,1036,110,0.995992,False,12.93191543996225,77.68717197181826,12.94125482917495,77.69626600148536
2026-09-30T12:52:00Z,2026-09-30 18:22:00,orr_doddanekundi,ok,FRC1,15,41,1770,647,1,False,12.94125482917495,77.69626600148536,13.000288982126634,77.68031892778362
2026-09-30T12:52:00Z,2026-09-30 18:22:00,orr_mahadevapura,ok,FRC1,4,42,3823,364,0.991391,False,13.000373429575006,77.67881152631685,12.969829756831466,77.70065275433024
2026-09-30T12:52:00Z,2026-09-30 18:22:00,orr_marathahalli,ok,FRC1,27,39,517,358,1,False,12.969829756831466,77.70065275433024,12.937285233242429,77.69319621326713
2026-09-30T12:52:00Z,2026-09-30 18:22:00,orr_cw_03,ok,FRC1,10,47,317,67,1,False,12.937285233242429,77.69319621326713,12.931856375841525,77.68727389576082
2026-09-30T12:52:00Z,2026-09-30 18:22:00,orr_cw_04,ok,FRC1,7,50,366,51,1,False,12.931856375841525,77.68727389576082,12.928431204782255,77.6817767083835
2026-09-30T12:52:00Z,2026-09-30 18:22:00,orr_cw_05,ok,FRC1,17,42,678,274,1,False,12.928431204782255,77.6817767083835,12.92365016676366,77.65453217030841
2026-09-30T12:52:00Z,2026-09-30 18:22:00,orr_cw_06,ok,FRC2,14,28,204,102,0.93,False,12.923682354910097,77.65436721445394,12.923860778469008,77.64722315074113
2026-09-30T12:52:00Z,2026-09-30 18:22:00,orr_cw_07,ok,FRC1,20,27,181,134,1,False,12.923860778469008,77.64722315074113,12.917273237323744,77.64092666507719
2026-09-30T12:52:00Z,2026-09-30 18:22:00,orr_hsr,ok,FRC1,23,42,111,60,1,False,12.917273237323744,77.64092666507719,12.916244577017903,77.63487560153817
2026-09-30T12:52:00Z,2026-09-30 18:22:00,orr_cw_09,ok,FRC1,16,29,256,141,1,False,12.916244577017903,77.63487560153817,12.917561549026608,77.62450081706618
2026-09-30T13:07:00Z,2026-09-30 18:37:00,orr_ccw_01,ok,FRC2,17,28,874,531,0.977603,False,12.914312079594005,77.59987143278119,12.91632913467243,77.63492924571847
2026-09-30T13:07:00Z,2026-09-30 18:37:00,orr_ccw_02,ok,FRC2,14,23,176,107,0.975418,False,12.91632913467243,77.63492924571847,12.917313432684539,77.64083412886617
2026-09-30T13:07:00Z,2026-09-30 18:37:00,orr_ccw_03,ok,FRC1,10,38,368,96,1,False,12.917313432684539,77.64083412886617,12.923976051130884,77.64726874829438
2026-09-30T13:07:00Z,2026-09-30 18:37:00,orr_ccw_04,ok,FRC1,5,38,1486,195,1,False,12.923976051130884,77.64726874829438,12.920456983978704,77.6656123757515
2026-09-30T13:07:00Z,2026-09-30 18:37:00,orr_iblur,ok,FRC1,3,47,2369,151,0.99,False,12.92075738312682,77.66533074380487,12.928526460252453,77.68170697094911
2026-09-30T13:07:00Z,2026-09-30 18:37:00,orr_bellandur,ok,FRC1,3,54,849,47,0.94,False,12.928526460252453,77.68170697094911,12.93191543996225,77.68717197181826
2026-09-30T13:07:00Z,2026-09-30 18:37:00,orr_ccw_07,ok,FRC1,3,45,1728,115,1,False,12.93191543996225,77.68717197181826,12.94125482917495,77.69626600148536
2026-09-30T13:07:00Z,2026-09-30 18:37:00,orr_doddanekundi,ok,FRC1,14,42,1897,632,1,False,12.94125482917495,77.69626600148536,13.000288982126634,77.68031892778362
2026-09-30T13:07:00Z,2026-09-30 18:37:00,orr_mahadevapura,ok,FRC1,5,43,3059,355,1,False,13.000373429575006,77.67881152631685,12.969829756831466,77.70065275433024
2026-09-30T13:07:00Z,2026-09-30 18:37:00,orr_marathahalli,ok,FRC1,29,40,481,349,1,False,12.969829756831466,77.70065275433024,12.937285233242429,77.69319621326713
2026-09-30T13:07:00Z,2026-09-30 18:37:00,orr_cw_03,ok,FRC1,14,45,226,70,1,False,12.937285233242429,77.69319621326713,12.931856375841525,77.68727389576082
2026-09-30T13:07:00Z,2026-09-30 18:37:00,orr_cw_04,ok,FRC1,11,50,233,51,1,False,12.931856375841525,77.68727389576082,12.928431204782255,77.6817767083835
2026-09-30T13:07:00Z,2026-09-30 18:37:00,orr_cw_05,ok,FRC1,17,41,678,281,1,False,12.928431204782255,77.6817767083835,12.92365016676366,77.65453217030841
2026-09-30T13:07:00Z,2026-09-30 18:37:00,orr_cw_06,ok,FRC2,11,27,259,105,0.867046,False,12.923682354910097,77.65436721445394,12.923860778469008,77.64722315074113
2026-09-30T13:07:00Z,2026-09-30 18:37:00,orr_cw_07,ok,FRC1,21,27,172,134,1,False,12.923860778469008,77.64722315074113,12.917273237323744,77.64092666507719
2026-09-30T13:07:00Z,2026-09-30 18:37:00,orr_hsr,ok,FRC1,43,43,59,59,1,False,12.917273237323744,77.64092666507719,12.916244577017903,77.63487560153817
2026-09-30T13:07:00Z,2026-09-30 18:37:00,orr_cw_09,ok,FRC1,15,30,273,136,1,False,12.916244577017903,77.63487560153817,12.917561549026608,77.62450081706618
2026-09-30T13:22:00Z,2026-09-30 18:52:00,orr_ccw_01,ok,FRC2,18,29,826,512,0.972013,False,12.914312079594005,77.59987143278119,12.91632913467243,77.63492924571847
2026-09-30T13:22:00Z,2026-09-30 18:52:00,orr_ccw_02,ok,FRC2,16,22,154,112,0.986255,False,12.91632913467243,77.63492924571847,12.917313432684539,77.64083412886617
2026-09-30T13:22:00Z,2026-09-30 18:52:00,orr_ccw_03,ok,FRC1,6,37,614,99,1,False,12.917313432684539,77.64083412886617,12.923976051130884,77.64726874829438
2026-09-30T13:22:00Z,2026-09-30 18:52:00,orr_ccw_04,ok,FRC1,3,37,2477,200,1,False,12.923976051130884,77.64726874829438,12.920456983978704,77.6656123757515
2026-09-30T13:22:00Z,2026-09-30 18:52:00,orr_iblur,ok,FRC1,3,42,2369,169,0.99,False,12.92075738312682,77.66533074380487,12.928526460252453,77.68170697094911
2026-09-30T13:22:00Z,2026-09-30 18:52:00,orr_bellandur,ok,FRC1,4,54,636,47,1,False,12.928526460252453,77.68170697094911,12.93191543996225,77.68717197181826
2026-09-30T13:22:00Z,2026-09-30 18:52:00,orr_ccw_07,ok,FRC1,5,44,1036,117,1,False,12.93191543996225,77.68717197181826,12.94125482917495,77.69626600148536
2026-09-30T13:22:00Z,2026-09-30 18:52:00,orr_doddanekundi,ok,FRC1,15,42,1770,632,1,False,12.94125482917495,77.69626600148536,13.000288982126634,77.68031892778362
2026-09-30T13:22:00Z,2026-09-30 18:52:00,orr_mahadevapura,ok,FRC1,9,47,1699,325,1,False,13.000373429575006,77.67881152631685,12.969829756831466,77.70065275433024
2026-09-30T13:22:00Z,2026-09-30 18:52:00,orr_marathahalli,ok,FRC1,27,39,517,358,1,False,12.969829756831466,77.70065275433024,12.937285233242429,77.69319621326713
2026-09-30T13:22:00Z,2026-09-30 18:52:00,orr_cw_03,ok,FRC1,34,43,93,73,1,False,12.937285233242429,77.69319621326713,12.931856375841525,77.68727389576082
2026-09-30T13:22:00Z,2026-09-30 18:52:00,orr_cw_04,ok,FRC1,17,47,150,54,1,False,12.931856375841525,77.68727389576082,12.928431204782255,77.6817767083835
2026-09-30T13:22:00Z,2026-09-30 18:52:00,orr_cw_05,ok,FRC1,22,42,524,274,1,False,12.928431204782255,77.6817767083835,12.92365016676366,77.65453217030841
2026-09-30T13:22:00Z,2026-09-30 18:52:00,orr_cw_06,ok,FRC2,17,27,168,105,0.796558,False,12.923682354910097,77.65436721445394,12.923860778469008,77.64722315074113
2026-09-30T13:22:00Z,2026-09-30 18:52:00,orr_cw_07,ok,FRC1,20,27,181,134,1,False,12.923860778469008,77.64722315074113,12.917273237323744,77.64092666507719
2026-09-30T13:22:00Z,2026-09-30 18:52:00,orr_hsr,ok,FRC1,9,43,284,59,1,False,12.917273237323744,77.64092666507719,12.916244577017903,77.63487560153817
2026-09-30T13:22:00Z,2026-09-30 18:52:00,orr_cw_09,ok,FRC1,16,29,256,141,1,False,12.916244577017903,77.63487560153817,12.917561549026608,77.62450081706618
2026-09-30T13:37:00Z,2026-09-30 19:07:00,orr_ccw_01,ok,FRC2,18,29,826,512,0.997148,False,12.914312079594005,77.59987143278119,12.91632913467243,77.63492924571847
2026-09-30T13:37:00Z,2026-09-30 19:07:00,orr_ccw_02,ok,FRC2,14,22,176,112,0.975416,False,12.91632913467243,77.63492924571847,12.917313432684539,77.64083412886617
2026-09-30T13:37:00Z,2026-09-30 19:07:00,orr_ccw_03,ok,FRC1,4,36,921,102,1,False,12.917313432684539,77.64083412886617,12.923976051130884,77.64726874829438
2026-09-30T13:37:00Z,2026-09-30 19:07:00,orr_ccw_04,ok,FRC1,3,39,2477,190,0.999976,False,12.923976051130884,77.64726874829438,12.920456983978704,77.6656123757515
2026-09-30T13:37:00Z,2026-09-30 19:07:00,orr_iblur,ok,FRC1,4,47,1777,151,1,False,12.92075738312682,77.66533074380487,12.928526460252453,77.68170697094911
2026-09-30T13:37:00Z,2026-09-30 19:07:00,orr_bellandur,ok,FRC1,3,46,849,55,1,False,12.928526460252453,77.68170697094911,12.93191543996225,77.68717197181826
2026-09-30T13:37:00Z,2026-09-30 19:07:00,orr_ccw_07,ok,FRC1,21,45,246,115,1,False,12.93191543996225,77.68717197181826,12.94125482917495,77.69626600148536
2026-09-30T13:37:00Z,2026-09-30 19:07:00,orr_doddanekundi,ok,FRC1,19,42,1397,632,1,False,12.94125482917495,77.69626600148536,13.000288982126634,77.68031892778362
2026-09-30T13:37:00Z,2026-09-30 19:07:00,orr_mahadevapura,ok,FRC1,13,47,1176,325,1,False,13.000373429575006,77.67881152631685,12.969829756831466,77.70065275433024
2026-09-30T13:37:00Z,2026-09-30 19:07:00,orr_marathahalli,ok,FRC1,15,40,931,349,1,False,12.969829756831466,77.70065275433024,12.937285233242429,77.69319621326713
2026-09-30T13:37:00Z,2026-09-30 19:07:00,orr_cw_03,ok,FRC1,28,43,113,73,1,False,12.937285233242429,77.69319621326713,12.931856375841525,77.68727389576082
2026-09-30T13:37:00Z,2026-09-30 19:07:00,orr_cw_04,ok,FRC1,49,49,52,52,1,False,12.931856375841525,77.68727389576082,12.928431204782255,77.6817767083835
2026-09-30T13:37:00Z,2026-09-30 19:07:00,orr_cw_05,ok,FRC1,25,41,461,281,1,False,12.928431204782255,77.6817767083835,12.92365016676366,77.65453217030841
2026-09-30T13:37:00Z,2026-09-30 19:07:00,orr_cw_06,ok,FRC2,18,28,158,102,0.846376,False,12.923682354910097,77.65436721445394,12.923860778469008,77.64722315074113
2026-09-30T13:37:00Z,2026-09-30 19:07:00,orr_cw_07,ok,FRC1,17,28,213,129,1,False,12.923860778469008,77.64722315074113,12.917273237323744,77.64092666507719
2026-09-30T13:37:00Z,2026-09-30 19:07:00,orr_hsr,ok,FRC1,23,42,111,60,1,False,12.917273237323744,77.64092666507719,12.916244577017903,77.63487560153817
2026-09-30T13:37:00Z,2026-09-30 19:07:00,orr_cw_09,ok,FRC1,18,30,228,136,1,False,12.916244577017903,77.63487560153817,12.917561549026608,77.62450081706618
2026-09-30T13:37:00Z,2026-09-30 19:07:00,hosur_bommanahalli,ok,FRC1,20,40,117,58,1,False,12.909218593796567,77.62749282122297,12.91427319093241,77.62440291643713
2026-09-30T13:37:00Z,2026-09-30 19:07:00,hosur_02,ok,FRC2,16,27,1784,1057,1,False,12.91427319093241,77.62440291643713,12.967995120478843,77.60036361813553
2026-09-30T13:37:00Z,2026-09-30 19:07:00,old_airport_konena,ok,FRC2,18,34,2929,1550,0.998074,False,12.956720480405576,77.74534372094678,12.972658179083226,77.61948508620713
2026-09-30T13:37:00Z,2026-09-30 19:07:00,varthur_kundalahalli,ok,FRC2,14,37,3758,1422,0.993815,False,12.972670267685029,77.61953604817847,12.956926979936062,77.74537054303693
2026-09-30T13:52:00Z,2026-09-30 19:22:00,orr_ccw_01,ok,FRC2,20,28,743,531,0.995308,False,12.914312079594005,77.59987143278119,12.91632913467243,77.63492924571847
2026-09-30T13:52:00Z,2026-09-30 19:22:00,orr_ccw_02,ok,FRC2,14,22,176,112,0.950666,False,12.91632913467243,77.63492924571847,12.917313432684539,77.64083412886617
2026-09-30T13:52:00Z,2026-09-30 19:22:00,orr_ccw_03,ok,FRC1,3,34,1228,108,1,False,12.917313432684539,77.64083412886617,12.923976051130884,77.64726874829438
2026-09-30T13:52:00Z,2026-09-30 19:22:00,orr_ccw_04,ok,FRC1,4,39,1857,190,0.996096,False,12.923976051130884,77.64726874829438,12.920456983978704,77.6656123757515
2026-09-30T13:52:00Z,2026-09-30 19:22:00,orr_iblur,ok,FRC1,6,40,1184,177,0.999878,False,12.92075738312682,77.66533074380487,12.928526460252453,77.68170697094911
2026-09-30T13:52:00Z,2026-09-30 19:22:00,orr_bellandur,ok,FRC1,7,46,363,55,1,False,12.928526460252453,77.68170697094911,12.93191543996225,77.68717197181826
2026-09-30T13:52:00Z,2026-09-30 19:22:00,orr_ccw_07,ok,FRC1,14,45,370,115,1,False,12.93191543996225,77.68717197181826,12.94125482917495,77.69626600148536
2026-09-30T13:52:00Z,2026-09-30 19:22:00,orr_doddanekundi,ok,FRC1,19,42,1397,632,1,False,12.94125482917495,77.69626600148536,13.000288982126634,77.68031892778362
2026-09-30T13:52:00Z,2026-09-30 19:22:00,orr_mahadevapura,ok,FRC1,15,47,1019,325,1,False,13.000373429575006,77.67881152631685,12.969829756831466,77.70065275433024
2026-09-30T13:52:00Z,2026-09-30 19:22:00,orr_marathahalli,ok,FRC1,12,40,1164,349,1,False,12.969829756831466,77.70065275433024,12.937285233242429,77.69319621326713
2026-09-30T13:52:00Z,2026-09-30 19:22:00,orr_cw_03,ok,FRC1,45,45,70,70,1,False,12.937285233242429,77.69319621326713,12.931856375841525,77.68727389576082
2026-09-30T13:52:00Z,2026-09-30 19:22:00,orr_cw_04,ok,FRC1,39,49,65,52,1,False,12.931856375841525,77.68727389576082,12.928431204782255,77.6817767083835
2026-09-30T13:52:00Z,2026-09-30 19:22:00,orr_cw_05,ok,FRC1,26,41,443,281,1,False,12.928431204782255,77.6817767083835,12.92365016676366,77.65453217030841
2026-09-30T13:52:00Z,2026-09-30 19:22:00,orr_cw_06,ok,FRC2,15,27,190,105,0.838339,False,12.923682354910097,77.65436721445394,12.923860778469008,77.64722315074113
2026-09-30T13:52:00Z,2026-09-30 19:22:00,orr_cw_07,ok,FRC1,15,27,241,134,1,False,12.923860778469008,77.64722315074113,12.917273237323744,77.64092666507719
2026-09-30T13:52:00Z,2026-09-30 19:22:00,orr_hsr,ok,FRC1,12,43,213,59,1,False,12.917273237323744,77.64092666507719,12.916244577017903,77.63487560153817
2026-09-30T13:52:00Z,2026-09-30 19:22:00,orr_cw_09,ok,FRC1,17,29,241,141,1,False,12.916244577017903,77.63487560153817,12.917561549026608,77.62450081706618
2026-09-30T14:07:00Z,2026-09-30 19:37:00,orr_ccw_01,ok,FRC2,16,29,929,512,0.966338,False,12.914312079594005,77.59987143278119,12.91632913467243,77.63492924571847
2026-09-30T14:07:00Z,2026-09-30 19:37:00,orr_ccw_02,ok,FRC2,15,22,164,112,0.924361,False,12.91632913467243,77.63492924571847,12.917313432684539,77.64083412886617
2026-09-30T14:07:00Z,2026-09-30 19:37:00,orr_ccw_03,ok,FRC1,3,41,1228,89,1,False,12.917313432684539,77.64083412886617,12.923976051130884,77.64726874829438
2026-09-30T14:07:00Z,2026-09-30 19:37:00,orr_ccw_04,ok,FRC1,5,39,1486,190,0.996096,False,12.923976051130884,77.64726874829438,12.920456983978704,77.6656123757515
2026-09-30T14:07:00Z,2026-09-30 19:37:00,orr_iblur,ok,FRC1,14,41,507,173,1,False,12.92075738312682,77.66533074380487,12.928526460252453,77.68170697094911
2026-09-30T14:07:00Z,2026-09-30 19:37:00,orr_bellandur,ok,FRC1,7,48,363,53,1,False,12.928526460252453,77.68170697094911,12.93191543996225,77.68717197181826
2026-09-30T14:07:00Z,2026-09-30 19:37:00,orr_ccw_07,ok,FRC1,10,45,518,115,1,False,12.93191543996225,77.68717197181826,12.94125482917495,77.69626600148536
2026-09-30T14:07:00Z,2026-09-30 19:37:00,orr_doddanekundi,ok,FRC1,20,42,1328,632,1,False,12.94125482917495,77.69626600148536,13.000288982126634,77.68031892778362
2026-09-30T14:07:00Z,2026-09-30 19:37:00,orr_mahadevapura,ok,FRC1,22,46,695,332,1,False,13.000373429575006,77.67881152631685,12.969829756831466,77.70065275433024
2026-09-30T14:07:00Z,2026-09-30 19:37:00,orr_marathahalli,ok,FRC1,11,41,1270,340,1,False,12.969829756831466,77.70065275433024,12.937285233242429,77.69319621326713
2026-09-30T14:07:00Z,2026-09-30 19:37:00,orr_cw_03,ok,FRC1,19,44,166,72,1,False,12.937285233242429,77.69319621326713,12.931856375841525,77.68727389576082
2026-09-30T14:07:00Z,2026-09-30 19:37:00,orr_cw_04,ok,FRC1,35,49,73,52,1,False,12.931856375841525,77.68727389576082,12.928431204782255,77.6817767083835
2026-09-30T14:07:00Z,2026-09-30 19:37:00,orr_cw_05,ok,FRC1,23,42,501,274,1,False,12.928431204782255,77.6817767083835,12.92365016676366,77.65453217030841
2026-09-30T14:07:00Z,2026-09-30 19:37:00,orr_cw_06,ok,FRC2,12,28,238,102,0.779605,False,12.923682354910097,77.65436721445394,12.923860778469008,77.64722315074113
2026-09-30T14:07:00Z,2026-09-30 19:37:00,orr_cw_07,ok,FRC1,15,28,241,129,1,False,12.923860778469008,77.64722315074113,12.917273237323744,77.64092666507719
2026-09-30T14:07:00Z,2026-09-30 19:37:00,orr_hsr,ok,FRC1,12,41,213,62,1,False,12.917273237323744,77.64092666507719,12.916244577017903,77.63487560153817
2026-09-30T14:07:00Z,2026-09-30 19:37:00,orr_cw_09,ok,FRC1,18,29,228,141,1,False,12.916244577017903,77.63487560153817,12.917561549026608,77.62450081706618
